[{"model": "disease.symptoms", "pk": 1, "fields": {"symptoms": "\u53d1\u70ed"}}, {"model": "disease.symptoms", "pk": 2, "fields": {"symptoms": "\u54b3\u55fd"}}, {"model": "disease.symptoms", "pk": 3, "fields": {"symptoms": "\u54b3\u75f0"}}, {"model": "disease.symptoms", "pk": 5, "fields": {"symptoms": "\u6d41\u9f3b\u6d95"}}, {"model": "disease.symptoms", "pk": 7, "fields": {"symptoms": "\u5934\u75db"}}, {"model": "disease.symptoms", "pk": 8, "fields": {"symptoms": "\u55b7\u568f"}}, {"model": "disease.symptoms", "pk": 9, "fields": {"symptoms": "\u6d41\u6d95"}}, {"model": "disease.symptoms", "pk": 10, "fields": {"symptoms": "\u6d41\u9ec4\u9f3b\u6d95"}}, {"model": "disease.symptoms", "pk": 11, "fields": {"symptoms": "\u9f3b\u6d95\u91cf\u591a"}}, {"model": "disease.symptoms", "pk": 12, "fields": {"symptoms": "\u53d1\u70ed\uff08\u4f53\u6e29\u591a\u9ad8\u4e8e38"}}, {"model": "disease.symptoms", "pk": 13, "fields": {"symptoms": "\u75f0\u591a"}}, {"model": "disease.symptoms", "pk": 14, "fields": {"symptoms": "\u547c\u5438\u6025\u4fc3\u751a\u81f3\u547c\u5438\u56f0\u96be"}}, {"model": "disease.symptoms", "pk": 15, "fields": {"symptoms": "\u4e0a\u3001\u4e0b\u547c\u5438\u9053\u611f\u67d3\u6b21\u6570\u660e\u663e\u589e\u591a"}}, {"model": "disease.symptoms", "pk": 16, "fields": {"symptoms": "\u53d1\u4f5c\u6027\u7684\u54b3\u55fd"}}, {"model": "disease.symptoms", "pk": 17, "fields": {"symptoms": "\u547c\u5438\u6025\u4fc3\uff0c\u4e25\u91cd\u65f6\u4e0d\u80fd\u5e73\u5367"}}, {"model": "disease.prescription", "pk": 5, "fields": {"prescription": "\u5206\u9634\u9633"}}, {"model": "disease.prescription", "pk": 6, "fields": {"prescription": "\u5f00\u5929\u95e8"}}, {"model": "disease.prescription", "pk": 7, "fields": {"prescription": "\u63a8\u574e\u5bab"}}, {"model": "disease.prescription", "pk": 8, "fields": {"prescription": "\u8fd0\u592a\u9633"}}, {"model": "disease.prescription", "pk": 9, "fields": {"prescription": "\u63a8\u4e09\u5173"}}, {"model": "disease.prescription", "pk": 10, "fields": {"prescription": "\u9000\u4e0b\u516d\u8151"}}, {"model": "disease.prescription", "pk": 11, "fields": {"prescription": "\u6e05\u80ba\u7ecf"}}, {"model": "disease.prescription", "pk": 12, "fields": {"prescription": "\u6e05\u5929\u6cb3\u6c34"}}, {"model": "disease.prescription", "pk": 13, "fields": {"prescription": "\u63c9\u8fce\u9999"}}, {"model": "disease.prescription", "pk": 14, "fields": {"prescription": "\u5370\u5802"}}, {"model": "disease.prescription", "pk": 15, "fields": {"prescription": "\u98ce\u6c60"}}, {"model": "disease.prescription", "pk": 16, "fields": {"prescription": "\u8865\u813e\u7ecf"}}, {"model": "disease.prescription", "pk": 17, "fields": {"prescription": "\u8865\u5927\u80a0"}}, {"model": "disease.prescription", "pk": 18, "fields": {"prescription": "\u63a8\u4e0a\u4e03\u8282\u9aa8"}}, {"model": "disease.prescription", "pk": 19, "fields": {"prescription": "\u8865\u80ba\u7ecf"}}, {"model": "disease.prescription", "pk": 20, "fields": {"prescription": "\u6309\u63c9\u677f\u95e8"}}, {"model": "disease.prescription", "pk": 21, "fields": {"prescription": "\u634f\u810a"}}, {"model": "disease.prescription", "pk": 22, "fields": {"prescription": "\u63c9\u8179"}}, {"model": "disease.prescription", "pk": 23, "fields": {"prescription": "\u6309\u63c9\u80ba\u4fde"}}, {"model": "disease.prescription", "pk": 24, "fields": {"prescription": "\u6309\u63c9\u80be\u4fde"}}, {"model": "disease.prescription", "pk": 25, "fields": {"prescription": "\u63c9\u4e8c\u6247\u95e8"}}, {"model": "disease.disease", "pk": 1, "fields": {"disease_name": "\u611f\u5192", "main_symptoms": [1, 2, 7, 8, 9], "main_prescription": [5, 6, 7, 8, 9, 10]}}, {"model": "disease.disease", "pk": 2, "fields": {"disease_name": "\u9f3b\u6e0a", "main_symptoms": [10, 11], "main_prescription": []}}, {"model": "disease.disease", "pk": 3, "fields": {"disease_name": "\u54b3\u55fd", "main_symptoms": [2], "main_prescription": []}}, {"model": "disease.disease", "pk": 4, "fields": {"disease_name": "\u80ba\u708e\u5598\u55fd", "main_symptoms": [2, 12, 13, 14], "main_prescription": []}}, {"model": "disease.disease", "pk": 5, "fields": {"disease_name": "\u53cd\u590d\u547c\u5438\u9053\u611f\u67d3", "main_symptoms": [15], "main_prescription": []}}, {"model": "disease.disease", "pk": 6, "fields": {"disease_name": "\u54ee\u5598", "main_symptoms": [16, 17], "main_prescription": []}}, {"model": "disease.diseasetypingsymptoms", "pk": 1, "fields": {"symptoms_name": "\u53d1\u70ed\u8f7b"}}, {"model": "disease.diseasetypingsymptoms", "pk": 2, "fields": {"symptoms_name": "\u6015\u51b7"}}, {"model": "disease.diseasetypingsymptoms", "pk": 3, "fields": {"symptoms_name": "\u6d41\u6e05\u9f3b\u6d95"}}, {"model": "disease.diseasetypingsymptoms", "pk": 4, "fields": {"symptoms_name": "\u820c\u8272\u6de1"}}, {"model": "disease.diseasetypingsymptoms", "pk": 5, "fields": {"symptoms_name": "\u53d1\u70ed\u91cd"}}, {"model": "disease.diseasetypingsymptoms", "pk": 6, "fields": {"symptoms_name": "\u6015\u98ce"}}, {"model": "disease.diseasetypingsymptoms", "pk": 7, "fields": {"symptoms_name": "\u6d41\u9ec4\u9f3b\u6d95"}}, {"model": "disease.diseasetypingsymptoms", "pk": 8, "fields": {"symptoms_name": "\u820c\u8272\u7ea2"}}, {"model": "disease.diseasetypingsymptoms", "pk": 9, "fields": {"symptoms_name": "\u6d41\u8113\u6d95\u6216\u9ec4\u9f3b\u6d95"}}, {"model": "disease.diseasetypingsymptoms", "pk": 10, "fields": {"symptoms_name": "\u53d1\u70ed"}}, {"model": "disease.diseasetypingsymptoms", "pk": 11, "fields": {"symptoms_name": "\u6015\u51b7\u3001\u6216\u6709\u5bd2\u98a4"}}, {"model": "disease.diseasetypingsymptoms", "pk": 12, "fields": {"symptoms_name": "\u4f34\u6709\u660e\u663e\u5934\u75db\uff0c\u6216\u9762\u988a\u90e8\u75bc\u75db"}}, {"model": "disease.diseasetypingsymptoms", "pk": 13, "fields": {"symptoms_name": "\u75c5\u7a0b\u5927\u4e8e\u4e09\u4e2a\u6708"}}, {"model": "disease.diseasetypingsymptoms", "pk": 14, "fields": {"symptoms_name": "\u4f34\u6709\u98df\u6b32\u4e0d\u632f\u3001\u5927\u4fbf\u7a00"}}, {"model": "disease.diseasetypingsymptoms", "pk": 15, "fields": {"symptoms_name": "\u53d1\u75c5\u65f6\u95f4\u77ed"}}, {"model": "disease.diseasetypingsymptoms", "pk": 16, "fields": {"symptoms_name": "\u53d1\u75c5\u524d\u591a\u6709\u53d7\u98ce\u3001\u53d7\u51c9\u7b49\u8bf1\u56e0"}}, {"model": "disease.diseasetyping", "pk": 1, "fields": {"disease": 1, "type_name": "\u98ce\u5bd2", "add_prescription": [16, 19, 25], "typing_symptoms": [1, 2, 3, 4]}}, {"model": "disease.diseasetyping", "pk": 2, "fields": {"disease": 1, "type_name": "\u98ce\u70ed", "add_prescription": [11, 12], "typing_symptoms": [5, 6, 7, 8]}}, {"model": "disease.diseasetyping", "pk": 3, "fields": {"disease": 2, "type_name": "\u80ba\u70ed", "add_prescription": [11, 12, 13], "typing_symptoms": [9, 10, 11]}}, {"model": "disease.diseasetyping", "pk": 4, "fields": {"disease": 2, "type_name": "\u80c6\u7ecf\u90c1\u70ed", "add_prescription": [13, 14, 15], "typing_symptoms": [12]}}, {"model": "disease.diseasetyping", "pk": 5, "fields": {"disease": 2, "type_name": "\u813e\u7ecf\u6e7f\u70ed", "add_prescription": [16, 17, 18], "typing_symptoms": [14]}}, {"model": "disease.diseasetyping", "pk": 6, "fields": {"disease": 2, "type_name": "\u80ba\u813e\u6c14\u865a", "add_prescription": [16, 19, 20, 21, 22], "typing_symptoms": [13]}}, {"model": "disease.diseasetyping", "pk": 7, "fields": {"disease": 3, "type_name": "\u5916\u611f", "add_prescription": [6, 7, 8, 9, 10], "typing_symptoms": [15, 16]}}, {"model": "disease.diseasetyping", "pk": 8, "fields": {"disease": 3, "type_name": "\u5185\u4f24", "add_prescription": [16, 20, 21, 23, 24], "typing_symptoms": []}}, {"model": "disease.case", "pk": 2018100610783974, "fields": {"create_user": 1, "case_disease": 1, "create_time": "2018-10-06T22:13:51.078"}}, {"model": "disease.case", "pk": 2018100615266096, "fields": {"create_user": 1, "case_disease": 1, "create_time": "2018-10-06T21:18:01.526"}}, {"model": "disease.case", "pk": 2018100648653716, "fields": {"create_user": 1, "case_disease": 1, "create_time": "2018-10-06T18:42:34.865"}}, {"model": "disease.case", "pk": 2018100660322377, "fields": {"create_user": 1, "case_disease": 1, "create_time": "2018-10-06T18:44:26.032"}}, {"model": "disease.casesymptoms", "pk": 1, "fields": {"case": 2018100648653716, "symptoms": 1}}, {"model": "disease.casesymptoms", "pk": 2, "fields": {"case": 2018100648653716, "symptoms": 7}}, {"model": "disease.casesymptoms", "pk": 3, "fields": {"case": 2018100648653716, "symptoms": 8}}, {"model": "disease.casesymptoms", "pk": 4, "fields": {"case": 2018100660322377, "symptoms": 1}}, {"model": "disease.casesymptoms", "pk": 5, "fields": {"case": 2018100660322377, "symptoms": 7}}, {"model": "disease.casesymptoms", "pk": 6, "fields": {"case": 2018100660322377, "symptoms": 8}}, {"model": "disease.casesymptoms", "pk": 7, "fields": {"case": 2018100615266096, "symptoms": 1}}, {"model": "disease.casesymptoms", "pk": 8, "fields": {"case": 2018100615266096, "symptoms": 7}}, {"model": "disease.casesymptoms", "pk": 9, "fields": {"case": 2018100615266096, "symptoms": 8}}, {"model": "disease.casesymptoms", "pk": 10, "fields": {"case": 2018100610783974, "symptoms": 1}}, {"model": "disease.casesymptoms", "pk": 11, "fields": {"case": 2018100610783974, "symptoms": 7}}, {"model": "disease.casesymptoms", "pk": 12, "fields": {"case": 2018100610783974, "symptoms": 8}}, {"model": "disease.casetyping", "pk": 1, "fields": {"case": 2018100615266096, "typing": 1}}, {"model": "disease.casetyping", "pk": 2, "fields": {"case": 2018100615266096, "typing": 2}}, {"model": "disease.casetyping", "pk": 3, "fields": {"case": 2018100660322377, "typing": 1}}, {"model": "disease.casetyping", "pk": 4, "fields": {"case": 2018100660322377, "typing": 2}}, {"model": "disease.casetyping", "pk": 5, "fields": {"case": 2018100648653716, "typing": 1}}, {"model": "disease.casetyping", "pk": 6, "fields": {"case": 2018100648653716, "typing": 2}}]