[
    {
        "model": "disease.symptoms",
        "pk": 1,
        "fields": {
            "symptoms": "\u53d1\u70ed",
            "count": 4
        }
    },
    {
        "model": "disease.symptoms",
        "pk": 2,
        "fields": {
            "symptoms": "\u54b3\u55fd",
            "count": 3
        }
    },
    {
        "model": "disease.symptoms",
        "pk": 3,
        "fields": {
            "symptoms": "\u54b3\u75f0",
            "count": 0
        }
    },
    {
        "model": "disease.symptoms",
        "pk": 5,
        "fields": {
            "symptoms": "\u6d41\u9f3b\u6d95",
            "count": 0
        }
    },
    {
        "model": "disease.symptoms",
        "pk": 7,
        "fields": {
            "symptoms": "\u5934\u75db",
            "count": 3
        }
    },
    {
        "model": "disease.symptoms",
        "pk": 8,
        "fields": {
            "symptoms": "\u55b7\u568f",
            "count": 2
        }
    },
    {
        "model": "disease.symptoms",
        "pk": 9,
        "fields": {
            "symptoms": "\u6d41\u6d95",
            "count": 2
        }
    },
    {
        "model": "disease.symptoms",
        "pk": 10,
        "fields": {
            "symptoms": "\u6d41\u9ec4\u9f3b\u6d95",
            "count": 1
        }
    },
    {
        "model": "disease.symptoms",
        "pk": 11,
        "fields": {
            "symptoms": "\u9f3b\u6d95\u91cf\u591a",
            "count": 1
        }
    },
    {
        "model": "disease.symptoms",
        "pk": 12,
        "fields": {
            "symptoms": "\u53d1\u70ed\uff08\u4f53\u6e29\u591a\u9ad8\u4e8e38",
            "count": 0
        }
    },
    {
        "model": "disease.symptoms",
        "pk": 13,
        "fields": {
            "symptoms": "\u75f0\u591a",
            "count": 2
        }
    },
    {
        "model": "disease.symptoms",
        "pk": 14,
        "fields": {
            "symptoms": "\u547c\u5438\u6025\u4fc3\u751a\u81f3\u547c\u5438\u56f0\u96be",
            "count": 1
        }
    },
    {
        "model": "disease.symptoms",
        "pk": 15,
        "fields": {
            "symptoms": "\u4e0a\u3001\u4e0b\u547c\u5438\u9053\u611f\u67d3\u6b21\u6570\u660e\u663e\u589e\u591a",
            "count": 1
        }
    },
    {
        "model": "disease.symptoms",
        "pk": 16,
        "fields": {
            "symptoms": "\u53d1\u4f5c\u6027\u7684\u54b3\u55fd",
            "count": 2
        }
    },
    {
        "model": "disease.symptoms",
        "pk": 17,
        "fields": {
            "symptoms": "\u547c\u5438\u6025\u4fc3\uff0c\u4e25\u91cd\u65f6\u4e0d\u80fd\u5e73\u5367",
            "count": 3
        }
    },
    {
        "model": "disease.symptoms",
        "pk": 18,
        "fields": {
            "symptoms": "\u53e3\u820c\u9ecf\u819c\u4e0a\u6563\u5728\u767d\u5c51\u6216\u767d\u819c\u6ee1\u5e03",
            "count": 2
        }
    },
    {
        "model": "disease.symptoms",
        "pk": 19,
        "fields": {
            "symptoms": "\u53e3\u820c\u9ecf\u819c\u4e0a\u6de1\u9ec4\u6216\u767d\u8272\u6e83\u75a1",
            "count": 0
        }
    },
    {
        "model": "disease.symptoms",
        "pk": 20,
        "fields": {
            "symptoms": "\u5c0f\u5b69\u53e3\u6c34\u591a",
            "count": 0
        }
    },
    {
        "model": "disease.symptoms",
        "pk": 21,
        "fields": {
            "symptoms": "\u6bcd\u4e73\u6216\u98df\u7269\u7531\u80c3\u7ecf\u98df\u7ba1\u5410\u51fa",
            "count": 0
        }
    },
    {
        "model": "disease.symptoms",
        "pk": 24,
        "fields": {
            "symptoms": "\u8179\u90e8\u81a8\u5927\u3001\u80c0\u6ee1",
            "count": 0
        }
    },
    {
        "model": "disease.symptoms",
        "pk": 25,
        "fields": {
            "symptoms": "\u809a\u5b50\u75bc",
            "count": 0
        }
    },
    {
        "model": "disease.symptoms",
        "pk": 26,
        "fields": {
            "symptoms": "\u8179\u75db\u8d77\u75c5\u6025",
            "count": 0
        }
    },
    {
        "model": "disease.symptoms",
        "pk": 27,
        "fields": {
            "symptoms": "\u5c0f\u513f\u8f83\u957f\u65f6\u95f4\u98df\u6b32\u51cf\u9000",
            "count": 0
        }
    },
    {
        "model": "disease.symptoms",
        "pk": 28,
        "fields": {
            "symptoms": "\u4e25\u91cd\u7684\u538c\u6076\u5403\u996d",
            "count": 0
        }
    },
    {
        "model": "disease.symptoms",
        "pk": 29,
        "fields": {
            "symptoms": "\u4e0d\u60f3\u5403\u996d",
            "count": 2
        }
    },
    {
        "model": "disease.symptoms",
        "pk": 30,
        "fields": {
            "symptoms": "\u98df\u91cf\u5c11",
            "count": 1
        }
    },
    {
        "model": "disease.symptoms",
        "pk": 31,
        "fields": {
            "symptoms": "\u809a\u5b50\u80c0",
            "count": 3
        }
    },
    {
        "model": "disease.symptoms",
        "pk": 32,
        "fields": {
            "symptoms": "\u53e3\u81ed",
            "count": 2
        }
    },
    {
        "model": "disease.symptoms",
        "pk": 33,
        "fields": {
            "symptoms": "\u5927\u4fbf\u6709\u9178\u8150\u5473",
            "count": 1
        }
    },
    {
        "model": "disease.symptoms",
        "pk": 34,
        "fields": {
            "symptoms": "\u5927\u4fbf\u7a00\u6216\u4fbf\u79d8",
            "count": 2
        }
    },
    {
        "model": "disease.symptoms",
        "pk": 35,
        "fields": {
            "symptoms": "\u5927\u4fbf\u6b21\u6570\u3001\u91cf\u589e\u591a",
            "count": 0
        }
    },
    {
        "model": "disease.symptoms",
        "pk": 36,
        "fields": {
            "symptoms": "\u7caa\u8d28\u7a00\u8584\uff0c\u751a\u5982\u6c34\u6837",
            "count": 0
        }
    },
    {
        "model": "disease.symptoms",
        "pk": 37,
        "fields": {
            "symptoms": "\u5927\u4fbf\u5e72\u71e5\u575a\u786c",
            "count": 0
        }
    },
    {
        "model": "disease.symptoms",
        "pk": 38,
        "fields": {
            "symptoms": "\u6392\u4fbf\u6b21\u6570\u51cf\u5c11",
            "count": 1
        }
    },
    {
        "model": "disease.symptoms",
        "pk": 39,
        "fields": {
            "symptoms": "\u95f4\u9694\u65f6\u95f4\u5ef6\u957f\u6216\u867d\u4fbf\u610f\u9891\u800c\u6392\u51fa\u56f0\u96be",
            "count": 1
        }
    },
    {
        "model": "disease.symptoms",
        "pk": 40,
        "fields": {
            "symptoms": "\u5a74\u5e7c\u513f\u5165\u591c\u557c\u54ed\u4e0d\u5b89",
            "count": 0
        }
    },
    {
        "model": "disease.symptoms",
        "pk": 41,
        "fields": {
            "symptoms": "\u6bcf\u591c\u5b9a\u65f6\u557c\u54ed\uff0c\u751a\u5219\u901a\u5bb5\u8fbe\u65e6",
            "count": 0
        }
    },
    {
        "model": "disease.symptoms",
        "pk": 42,
        "fields": {
            "symptoms": "\u62bd\u52a8\u75c7\u72b6\u65f6\u8f7b\u65f6\u91cd",
            "count": 1
        }
    },
    {
        "model": "disease.symptoms",
        "pk": 43,
        "fields": {
            "symptoms": "\u5448\u6ce2\u6d6a\u5f0f\u8fdb\u5c55",
            "count": 1
        }
    },
    {
        "model": "disease.symptoms",
        "pk": 44,
        "fields": {
            "symptoms": "\u6691\u5929\u7279\u6709\u7684\u5b63\u8282\u6027\u75be\u75c5",
            "count": 0
        }
    },
    {
        "model": "disease.symptoms",
        "pk": 45,
        "fields": {
            "symptoms": "\u957f\u671f\u53d1\u70ed",
            "count": 0
        }
    },
    {
        "model": "disease.symptoms",
        "pk": 46,
        "fields": {
            "symptoms": "\u53e3\u6e34\u591a\u996e",
            "count": 0
        }
    },
    {
        "model": "disease.symptoms",
        "pk": 47,
        "fields": {
            "symptoms": "\u591a\u5c3f",
            "count": 0
        }
    },
    {
        "model": "disease.symptoms",
        "pk": 48,
        "fields": {
            "symptoms": "\u5c11\u6c57",
            "count": 0
        }
    },
    {
        "model": "disease.symptoms",
        "pk": 49,
        "fields": {
            "symptoms": "\u5c0f\u4fbf\u9891\u3001\u4e0d\u80fd\u81ea\u4e3b\u63a7\u5236\u6392\u5c3f",
            "count": 0
        }
    },
    {
        "model": "disease.symptoms",
        "pk": 50,
        "fields": {
            "symptoms": "\u7761\u4e2d\u5c0f\u4fbf\u81ea\u9057\uff0c\u9192\u540e\u65b9\u89c9",
            "count": 0
        }
    },
    {
        "model": "disease.prescription",
        "pk": 5,
        "fields": {
            "prescription": "\u5206\u9634\u9633",
            "image": "none"
        }
    },
    {
        "model": "disease.prescription",
        "pk": 6,
        "fields": {
            "prescription": "\u5f00\u5929\u95e8",
            "image": "none"
        }
    },
    {
        "model": "disease.prescription",
        "pk": 7,
        "fields": {
            "prescription": "\u63a8\u574e\u5bab",
            "image": "none"
        }
    },
    {
        "model": "disease.prescription",
        "pk": 8,
        "fields": {
            "prescription": "\u8fd0\u592a\u9633",
            "image": "none"
        }
    },
    {
        "model": "disease.prescription",
        "pk": 9,
        "fields": {
            "prescription": "\u63a8\u4e09\u5173",
            "image": "none"
        }
    },
    {
        "model": "disease.prescription",
        "pk": 10,
        "fields": {
            "prescription": "\u9000\u4e0b\u516d\u8151",
            "image": "none"
        }
    },
    {
        "model": "disease.prescription",
        "pk": 11,
        "fields": {
            "prescription": "\u6e05\u80ba\u7ecf",
            "image": "none"
        }
    },
    {
        "model": "disease.prescription",
        "pk": 12,
        "fields": {
            "prescription": "\u6e05\u5929\u6cb3\u6c34",
            "image": "none"
        }
    },
    {
        "model": "disease.prescription",
        "pk": 13,
        "fields": {
            "prescription": "\u63c9\u8fce\u9999",
            "image": "none"
        }
    },
    {
        "model": "disease.prescription",
        "pk": 14,
        "fields": {
            "prescription": "\u5370\u5802",
            "image": "none"
        }
    },
    {
        "model": "disease.prescription",
        "pk": 15,
        "fields": {
            "prescription": "\u98ce\u6c60",
            "image": "none"
        }
    },
    {
        "model": "disease.prescription",
        "pk": 16,
        "fields": {
            "prescription": "\u8865\u813e\u7ecf",
            "image": "none"
        }
    },
    {
        "model": "disease.prescription",
        "pk": 17,
        "fields": {
            "prescription": "\u8865\u5927\u80a0",
            "image": "none"
        }
    },
    {
        "model": "disease.prescription",
        "pk": 18,
        "fields": {
            "prescription": "\u63a8\u4e0a\u4e03\u8282\u9aa8",
            "image": "none"
        }
    },
    {
        "model": "disease.prescription",
        "pk": 19,
        "fields": {
            "prescription": "\u8865\u80ba\u7ecf",
            "image": "none"
        }
    },
    {
        "model": "disease.prescription",
        "pk": 20,
        "fields": {
            "prescription": "\u6309\u63c9\u677f\u95e8",
            "image": "none"
        }
    },
    {
        "model": "disease.prescription",
        "pk": 21,
        "fields": {
            "prescription": "\u634f\u810a",
            "image": "none"
        }
    },
    {
        "model": "disease.prescription",
        "pk": 22,
        "fields": {
            "prescription": "\u63c9\u8179",
            "image": "none"
        }
    },
    {
        "model": "disease.prescription",
        "pk": 23,
        "fields": {
            "prescription": "\u6309\u63c9\u80ba\u4fde",
            "image": "none"
        }
    },
    {
        "model": "disease.prescription",
        "pk": 24,
        "fields": {
            "prescription": "\u6309\u63c9\u80be\u4fde",
            "image": "none"
        }
    },
    {
        "model": "disease.prescription",
        "pk": 25,
        "fields": {
            "prescription": "\u63c9\u4e8c\u6247\u95e8",
            "image": "none"
        }
    },
    {
        "model": "disease.prescription",
        "pk": 26,
        "fields": {
            "prescription": "\u6309\u63c9\u81bb\u4e2d",
            "image": "none"
        }
    },
    {
        "model": "disease.prescription",
        "pk": 27,
        "fields": {
            "prescription": "\u6309\u63c9\u5929\u7a81",
            "image": "none"
        }
    },
    {
        "model": "disease.prescription",
        "pk": 28,
        "fields": {
            "prescription": "\u8fd0\u5185\u516b\u5366",
            "image": "none"
        }
    },
    {
        "model": "disease.prescription",
        "pk": 29,
        "fields": {
            "prescription": "\u6e05\u5927\u80a0",
            "image": "none"
        }
    },
    {
        "model": "disease.prescription",
        "pk": 30,
        "fields": {
            "prescription": "\u6e05\u813e\u7ecf",
            "image": "none"
        }
    },
    {
        "model": "disease.prescription",
        "pk": 31,
        "fields": {
            "prescription": "\u8bf7\u80c3\u7ecf",
            "image": "none"
        }
    },
    {
        "model": "disease.prescription",
        "pk": 32,
        "fields": {
            "prescription": "\u8865\u80c3\u7ecf",
            "image": "none"
        }
    },
    {
        "model": "disease.prescription",
        "pk": 33,
        "fields": {
            "prescription": "\u6309\u63c9\u988a\u8f66",
            "image": "none"
        }
    },
    {
        "model": "disease.prescription",
        "pk": 34,
        "fields": {
            "prescription": "\u5408\u8c37",
            "image": "none"
        }
    },
    {
        "model": "disease.prescription",
        "pk": 35,
        "fields": {
            "prescription": "\u9000\u516d\u8151",
            "image": "none"
        }
    },
    {
        "model": "disease.prescription",
        "pk": 36,
        "fields": {
            "prescription": "\u63c9\u4e8c\u4eba\u4e0a\u9a6c",
            "image": "none"
        }
    },
    {
        "model": "disease.prescription",
        "pk": 37,
        "fields": {
            "prescription": "\u63a8\u5c0f\u6a2a\u7eb9",
            "image": "none"
        }
    },
    {
        "model": "disease.prescription",
        "pk": 38,
        "fields": {
            "prescription": "\u6363\u5c0f\u5929\u5fc3",
            "image": "none"
        }
    },
    {
        "model": "disease.prescription",
        "pk": 39,
        "fields": {
            "prescription": "\u6309\u63c9\u4e94\u6307\u8282",
            "image": "none"
        }
    },
    {
        "model": "disease.prescription",
        "pk": 40,
        "fields": {
            "prescription": "\u7531\u6a2a\u7eb9\u63a8\u5411\u677f\u95e8",
            "image": "none"
        }
    },
    {
        "model": "disease.prescription",
        "pk": 41,
        "fields": {
            "prescription": "\u63c9\u4e2d\u8118",
            "image": "none"
        }
    },
    {
        "model": "disease.prescription",
        "pk": 42,
        "fields": {
            "prescription": "\u5206\u8179\u9634\u9633",
            "image": "none"
        }
    },
    {
        "model": "disease.prescription",
        "pk": 43,
        "fields": {
            "prescription": "\u6309\u63c9\u8db3\u4e09\u91cc",
            "image": "none"
        }
    },
    {
        "model": "disease.prescription",
        "pk": 44,
        "fields": {
            "prescription": "\u63a8\u4e0b\u4e03\u8282\u9aa8",
            "image": "none"
        }
    },
    {
        "model": "disease.prescription",
        "pk": 45,
        "fields": {
            "prescription": "\u63c9\u5916\u52b3\u5bab",
            "image": "none"
        }
    },
    {
        "model": "disease.prescription",
        "pk": 46,
        "fields": {
            "prescription": "\u63c9\u4e00\u7a9d\u98ce",
            "image": "none"
        }
    },
    {
        "model": "disease.prescription",
        "pk": 47,
        "fields": {
            "prescription": "\u63c9\u5929\u67a2",
            "image": "none"
        }
    },
    {
        "model": "disease.prescription",
        "pk": 48,
        "fields": {
            "prescription": "\u6e05\u80c3\u7ecf",
            "image": "none"
        }
    },
    {
        "model": "disease.prescription",
        "pk": 49,
        "fields": {
            "prescription": "\u6e05\u5c0f\u80a0",
            "image": "none"
        }
    },
    {
        "model": "disease.prescription",
        "pk": 50,
        "fields": {
            "prescription": "\u63a8\u56db\u6a2a\u7eb9",
            "image": "none"
        }
    },
    {
        "model": "disease.prescription",
        "pk": 51,
        "fields": {
            "prescription": "\u5206\u63a8\u8179\u9634\u9633",
            "image": "none"
        }
    },
    {
        "model": "disease.prescription",
        "pk": 52,
        "fields": {
            "prescription": "\u8fd0\u6c34\u5165\u571f",
            "image": "none"
        }
    },
    {
        "model": "disease.prescription",
        "pk": 53,
        "fields": {
            "prescription": "\u6309\u63c9\u4e2d\u8118",
            "image": "none"
        }
    },
    {
        "model": "disease.prescription",
        "pk": 54,
        "fields": {
            "prescription": "\u63c9\u8110",
            "image": "none"
        }
    },
    {
        "model": "disease.prescription",
        "pk": 55,
        "fields": {
            "prescription": "\u4e0b\u63a8\u4e03\u8282\u9aa8",
            "image": "none"
        }
    },
    {
        "model": "disease.prescription",
        "pk": 56,
        "fields": {
            "prescription": "\u6469\u8179",
            "image": "none"
        }
    },
    {
        "model": "disease.prescription",
        "pk": 57,
        "fields": {
            "prescription": "\u8865\u813e\u571f",
            "image": "none"
        }
    },
    {
        "model": "disease.prescription",
        "pk": 59,
        "fields": {
            "prescription": "\u6309\u813e\u4fde",
            "image": "none"
        }
    },
    {
        "model": "disease.prescription",
        "pk": 60,
        "fields": {
            "prescription": "\u6309\u80c3\u4fde",
            "image": "none"
        }
    },
    {
        "model": "disease.prescription",
        "pk": 61,
        "fields": {
            "prescription": "\u5927\u80a0\u4fde",
            "image": "none"
        }
    },
    {
        "model": "disease.prescription",
        "pk": 62,
        "fields": {
            "prescription": "\u6e05\u809d\u7ecf",
            "image": "none"
        }
    },
    {
        "model": "disease.prescription",
        "pk": 63,
        "fields": {
            "prescription": "\u63a8\u4e0b\u516d\u8151",
            "image": "none"
        }
    },
    {
        "model": "disease.prescription",
        "pk": 64,
        "fields": {
            "prescription": "\u63c9\u767e\u4f1a",
            "image": "none"
        }
    },
    {
        "model": "disease.prescription",
        "pk": 65,
        "fields": {
            "prescription": "\u6309\u63c9\u5fc3\u4fde",
            "image": "none"
        }
    },
    {
        "model": "disease.prescription",
        "pk": 66,
        "fields": {
            "prescription": "\u6309\u63c9\u809d\u4fde",
            "image": "none"
        }
    },
    {
        "model": "disease.prescription",
        "pk": 67,
        "fields": {
            "prescription": "\u6309\u63c9\u5927\u690e",
            "image": "none"
        }
    },
    {
        "model": "disease.prescription",
        "pk": 68,
        "fields": {
            "prescription": "\u6309\u63c9\u66f2\u6c60",
            "image": "none"
        }
    },
    {
        "model": "disease.prescription",
        "pk": 69,
        "fields": {
            "prescription": "\u6309\u63c9\u592a\u51b2\u7a74",
            "image": "none"
        }
    },
    {
        "model": "disease.prescription",
        "pk": 70,
        "fields": {
            "prescription": "\u63a8\u8865\u813e\u7ecf",
            "image": "none"
        }
    },
    {
        "model": "disease.prescription",
        "pk": 71,
        "fields": {
            "prescription": "\u63c9\u9f9f\u5c3e",
            "image": "none"
        }
    },
    {
        "model": "disease.prescription",
        "pk": 72,
        "fields": {
            "prescription": "\u6a2a\u64e6\u80be\u4fde\u3001\u516b\u9ace",
            "image": "none"
        }
    },
    {
        "model": "disease.category",
        "pk": 1,
        "fields": {
            "category_name": "\u80ba\u7cfb\u75be\u75c5"
        }
    },
    {
        "model": "disease.category",
        "pk": 2,
        "fields": {
            "category_name": "\u813e\u80c3\u7cfb\u75be\u75c5"
        }
    },
    {
        "model": "disease.category",
        "pk": 3,
        "fields": {
            "category_name": "\u5176\u4ed6\u7cfb\u75be\u75c5"
        }
    },
    {
        "model": "disease.disease",
        "pk": 1,
        "fields": {
            "disease_name": "\u611f\u5192",
            "category": 1,
            "tips": "\u80ba\u708e\u5598\u55fd\u7684\u75c5\u53d8\u4e3b\u8981\u5728\u80ba\u3002\u80ba\u4e3a\u5a07\u810f\uff0c\u6027\u559c\u6e05\u8083\uff0c\u5916\u5408\u76ae\u6bdb\uff0c\u5f00\u7a8d\u4e8e\u9f3b\u3002\u611f\u53d7\u98ce\u90aa\uff0c\u9996\u5148\u4fb5\u72af\u80ba\u536b\uff0c\u81f4\u80ba\u6c14\u90c1\u95ed\uff0c\u6e05\u8083\u4e4b\u4ee4\u4e0d\u884c\uff0c\u800c\u51fa\u73b0\u53d1\u70ed\u3001\u54b3\u55fd\u3001\u75f0\u58c5\u3001\u6c14\u4fc3\u3001\u9f3b\u717d\u7b49\u75c7\u3002\u75f0\u70ed\u662f\u5176\u75c5\u7406\u4ea7\u7269\uff0c\u5e38\u89c1\u75f0\u70ed\u80f6\u7ed3\uff0c\u963b\u585e\u80ba\u7edc\uff0c\u4ea6\u6709\u75f0\u6e7f\u963b\u80ba\u8005\uff0c\u80ba\u95ed\u53ef\u52a0\u91cd\u75f0\u963b\uff0c\u75f0\u963b\u53c8\u8fdb\u4e00\u6b65\u52a0\u91cd\u80ba\u95ed\uff0c\u5f62\u6210\u5ba3\u8083\u4e0d\u884c\uff0c\u75c7\u60c5\u52a0\u91cd\u3002\u80ba\u4e3b\u6cbb\u8282\uff0c\u80ba\u6c14\u90c1\u95ed\uff0c\u6c14\u6ede\u8840\u7600\uff0c\u5fc3\u8840\u8fd0\u884c\u4e0d\u7545\uff0c\u53ef\u81f4\u5fc3\u5931\u6240\u517b\uff0c\u5fc3\u6c14\u4e0d\u8db3\uff0c\u5fc3\u9633\u865a\u8870\u7684\u5371\u91cd\u53d8\u8bc1\u3002\u4ea6\u53ef\u56e0\u90aa\u70ed\u70bd\u76db\u5316\u706b\uff0c\u5185\u9677\u53a5\u9634\uff0c\u51fa\u73b0\u9ad8\u70ed\u52a8\u98ce\u8bc1\u5019\u3002\u82e5\u5f71\u54cd\u813e\u80c3\u5347\u964d\uff0c\u6d4a\u6c14\u505c\u805a\uff0c\u5927\u80a0\u4e4b\u6c14\u4e0d\u884c\uff0c\u53ef\u51fa\u73b0\u8179\u80c0\u3001\u4fbf\u79d8\u7b49\u8151\u5b9e\u8bc1\u5019\u3002\u91cd\u75c7\u80ba\u708e\u6216\u7d20\u4f53\u865a\u5f31\u4e4b\u60a3\u513f\uff0c\u60a3\u75c5\u4e4b\u540e\u5e38\u8fc1\u5ef6\u4e0d\u6108\uff0c\u96be\u4ee5\u6062\u590d\uff0c\u5982\u4f53\u7980\u8425\u865a\u536b\u5f31\u8005\uff0c\u53ef\u81f4\u957f\u671f\u4e0d\u89c4\u5219\u53d1\u70ed\uff0c\u6216\u5bd2\u70ed\u5f80\u6765\uff0c\u81ea\u6c57\uff1b\u4f53\u7980\u9634\u6db2\u4e0d\u8db3\u8005\uff0c\u53ef\u5f62\u6210\u53d1\u70ed\u4ee5\u591c\u95f4\u4e3a\u751a\uff0c\u624b\u8db3\u5fc3\u707c\u70ed\uff0c\u76d7\u6c57\u3001\u591c\u5bd0\u4e0d\u5b81\u7b49\u75c7\u3002",
            "main_symptoms": [
                1,
                2,
                7,
                8,
                9
            ],
            "main_prescription": [
                5,
                6,
                7,
                8,
                9,
                10
            ]
        }
    },
    {
        "model": "disease.disease",
        "pk": 2,
        "fields": {
            "disease_name": "\u9f3b\u6e0a",
            "category": 1,
            "tips": "\u9f3b\u6e0a\uff0c\u4e2d\u533b\u75c5\u540d\u3002\u662f\u6307\u9f3b\u6d41\u6d4a\u6d95\uff0c\u5982\u6cc9\u4e0b\u6e17\uff0c\u91cf\u591a\u4e0d\u6b62\u4e3a\u4e3b\u8981\u7279\u5f81\u7684\u9f3b\u75c5\u3002\u5e38\u4f34\u5934\u75db\u3001\u9f3b\u585e\u3001\u55c5\u89c9\u51cf\u9000\uff0c\u9f3b\u7aa6\u533a\u75bc\u75db\uff0c\u4e45\u5219\u865a\u7729\u4e0d\u5df2\u3002\u662f\u9f3b\u79d1\u5e38\u89c1\u75c5\u3001\u591a\u53d1\u75c5\u4e4b\u4e00\u3002\u4ea6\u6709\u201c\u8111\u6f0f\u201d\u3001\u201c\u8111\u7802\u201d\u3001\u201c\u8111\u5d29\u201d\u3001\u201c\u8111\u6e0a\u201d\u4e4b\u79f0\u3002\u591a\u56e0\u5916\u611f\u98ce\u70ed\u90aa\u6bd2\uff0c\u6216\u98ce\u5bd2\u4fb5\u88ad\uff0c\u4e45\u800c\u5316\u70ed\uff0c\u90aa\u70ed\u5faa\u7ecf\u4e0a\u84b8\uff0c\u72af\u53ca\u9f3b\u7a8d\uff1b\u6216\u80c6\u7ecf\u708e\u70ed\uff0c\u968f\u7ecf\u4e0a\u72af\uff0c\u84b8\u707c\u9f3b\u7a8d\uff1b\u6216\u813e\u80c3\u6e7f\u70ed\uff0c\u5faa\u80c3\u7ecf\u4e0a\u6270\u7b49\u5f15\u8d77\u3002",
            "main_symptoms": [
                10,
                11
            ],
            "main_prescription": [
                5,
                6,
                7,
                8,
                9,
                10
            ]
        }
    },
    {
        "model": "disease.disease",
        "pk": 3,
        "fields": {
            "disease_name": "\u54b3\u55fd",
            "category": 1,
            "tips": "\u54b3\u55fd\uff08cough\uff09\u662f\u4e00\u79cd\u547c\u5438\u9053\u5e38\u89c1\u75c7\u72b6\uff0c\u7531\u4e8e\u6c14\u7ba1\u3001\u652f\u6c14\u7ba1\u9ecf\u819c\u6216\u80f8\u819c\u53d7\u708e\u75c7\u3001\u5f02\u7269\u3001\u7269\u7406\u6216\u5316\u5b66\u6027\u523a\u6fc0\u5f15\u8d77\uff0c\u8868\u73b0\u5148\u662f\u58f0\u95e8\u5173\u95ed\u3001\u547c\u5438\u808c\u6536\u7f29\u3001\u80ba\u5185\u538b\u5347\u9ad8\uff0c\u7136\u540e\u58f0\u95e8\u5f20\u5f00\uff0c\u80ba\u5185\u7a7a\u6c14\u55b7\u5c04\u800c\u51fa\uff0c\u901a\u5e38\u4f34\u968f\u58f0\u97f3\u3002\u54b3\u55fd\u5177\u6709\u6e05\u9664\u547c\u5438\u9053\u5f02\u7269\u548c\u5206\u6ccc\u7269\u7684\u4fdd\u62a4\u6027\u4f5c\u7528\u3002\u4f46\u5982\u679c\u54b3\u55fd\u4e0d\u505c\uff0c\u7531\u6025\u6027\u8f6c\u4e3a\u6162\u6027\uff0c\u5e38\u7ed9\u60a3\u8005\u5e26\u6765\u5f88\u5927\u7684\u75db\u82e6\uff0c\u5982\u80f8\u95f7\u3001\u54bd\u75d2\u3001\u5598\u6c14\u7b49\u3002\u54b3\u55fd\u53ef\u4f34\u968f\u54b3\u75f0\u3002",
            "main_symptoms": [
                2
            ],
            "main_prescription": [
                5,
                11,
                26,
                27
            ]
        }
    },
    {
        "model": "disease.disease",
        "pk": 4,
        "fields": {
            "disease_name": "\u80ba\u708e\u5598\u55fd",
            "category": 1,
            "tips": "\u80ba\u708e\u5598\u55fd\u7684\u75c5\u53d8\u4e3b\u8981\u5728\u80ba\u3002\u80ba\u4e3a\u5a07\u810f\uff0c\u6027\u559c\u6e05\u8083\uff0c\u5916\u5408\u76ae\u6bdb\uff0c\u5f00\u7a8d\u4e8e\u9f3b\u3002\u611f\u53d7\u98ce\u90aa\uff0c\u9996\u5148\u4fb5\u72af\u80ba\u536b\uff0c\u81f4\u80ba\u6c14\u90c1\u95ed\uff0c\u6e05\u8083\u4e4b\u4ee4\u4e0d\u884c\uff0c\u800c\u51fa\u73b0\u53d1\u70ed\u3001\u54b3\u55fd\u3001\u75f0\u58c5\u3001\u6c14\u4fc3\u3001\u9f3b\u717d\u7b49\u75c7\u3002\u75f0\u70ed\u662f\u5176\u75c5\u7406\u4ea7\u7269\uff0c\u5e38\u89c1\u75f0\u70ed\u80f6\u7ed3\uff0c\u963b\u585e\u80ba\u7edc\uff0c\u4ea6\u6709\u75f0\u6e7f\u963b\u80ba\u8005\uff0c\u80ba\u95ed\u53ef\u52a0\u91cd\u75f0\u963b\uff0c\u75f0\u963b\u53c8\u8fdb\u4e00\u6b65\u52a0\u91cd\u80ba\u95ed\uff0c\u5f62\u6210\u5ba3\u8083\u4e0d\u884c\uff0c\u75c7\u60c5\u52a0\u91cd\u3002\u80ba\u4e3b\u6cbb\u8282\uff0c\u80ba\u6c14\u90c1\u95ed\uff0c\u6c14\u6ede\u8840\u7600\uff0c\u5fc3\u8840\u8fd0\u884c\u4e0d\u7545\uff0c\u53ef\u81f4\u5fc3\u5931\u6240\u517b\uff0c\u5fc3\u6c14\u4e0d\u8db3\uff0c\u5fc3\u9633\u865a\u8870\u7684\u5371\u91cd\u53d8\u8bc1\u3002\u4ea6\u53ef\u56e0\u90aa\u70ed\u70bd\u76db\u5316\u706b\uff0c\u5185\u9677\u53a5\u9634\uff0c\u51fa\u73b0\u9ad8\u70ed\u52a8\u98ce\u8bc1\u5019\u3002\u82e5\u5f71\u54cd\u813e\u80c3\u5347\u964d\uff0c\u6d4a\u6c14\u505c\u805a\uff0c\u5927\u80a0\u4e4b\u6c14\u4e0d\u884c\uff0c\u53ef\u51fa\u73b0\u8179\u80c0\u3001\u4fbf\u79d8\u7b49\u8151\u5b9e\u8bc1\u5019\u3002\u91cd\u75c7\u80ba\u708e\u6216\u7d20\u4f53\u865a\u5f31\u4e4b\u60a3\u513f\uff0c\u60a3\u75c5\u4e4b\u540e\u5e38\u8fc1\u5ef6\u4e0d\u6108\uff0c\u96be\u4ee5\u6062\u590d\uff0c\u5982\u4f53\u7980\u8425\u865a\u536b\u5f31\u8005\uff0c\u53ef\u81f4\u957f\u671f\u4e0d\u89c4\u5219\u53d1\u70ed\uff0c\u6216\u5bd2\u70ed\u5f80\u6765\uff0c\u81ea\u6c57\uff1b\u4f53\u7980\u9634\u6db2\u4e0d\u8db3\u8005\uff0c\u53ef\u5f62\u6210\u53d1\u70ed\u4ee5\u591c\u95f4\u4e3a\u751a\uff0c\u624b\u8db3\u5fc3\u707c\u70ed\uff0c\u76d7\u6c57\u3001\u591c\u5bd0\u4e0d\u5b81\u7b49\u75c7\u3002",
            "main_symptoms": [
                2,
                12,
                13,
                14
            ],
            "main_prescription": []
        }
    },
    {
        "model": "disease.disease",
        "pk": 5,
        "fields": {
            "disease_name": "\u53cd\u590d\u547c\u5438\u9053\u611f\u67d3",
            "category": 1,
            "tips": "\u53cd\u590d\u547c\u5438\u9053\u611f\u67d3\u662f\u513f\u79d1\u4e34\u5e8a\u5e38\u89c1\u75c5\uff0c\u53d1\u75c5\u7387\u8fbe20%\u5de6\u53f3\u3002\u662f\u63071\u5e74\u5185\u4e0a\u547c\u5438\u9053\u611f\u67d3\u6216\u4e0b\u547c\u5438\u9053\u611f\u67d3\u6b21\u6570\u9891\u7e41\uff0c\u8d85\u8fc7\u4e86\u4e00\u5b9a\u8303\u56f4\u7684\u547c\u5438\u9053\u611f\u67d3\u3002\u4e0d\u540c\u7684\u5e74\u9f84\u8bca\u65ad\u6807\u51c6\u4e0d\u540c\uff0c\u53cd\u590d\u4e0a\u547c\u5438\u9053\u611f\u67d32\u5c81\u4ee5\u5185\u5a74\u5e7c\u513f\u8d85\u8fc77\u6b21/\u5e74\uff0c3\uff5e5\u5c81\u513f\u7ae5\u8d85\u8fc76\u6b21/\u5e74\uff0c6\u5c81\u4ee5\u4e0a\u513f\u7ae5\u8d85\u8fc75\u6b21/\u5e74\uff1b\u53cd\u590d\u4e0b\u547c\u5438\u9053\u611f\u67d32\u5c81\u4ee5\u5185\u5a74\u5e7c\u513f\u8d85\u8fc73\u6b21/\u5e74\uff0c3\uff5e5\u5c81\u513f\u7ae5\u8d85\u8fc72\u6b21/\u5e74\uff0c6\u5c81\u4ee5\u4e0a\u513f\u7ae5\u8d85\u8fc72\u6b21/\u5e74\u53ef\u8bca\u65ad\u53cd\u590d\u547c\u5438\u9053\u611f\u67d3\u3002",
            "main_symptoms": [
                15
            ],
            "main_prescription": [
                5,
                6,
                7,
                8,
                9,
                10,
                16,
                19,
                21
            ]
        }
    },
    {
        "model": "disease.disease",
        "pk": 6,
        "fields": {
            "disease_name": "\u54ee\u5598",
            "category": 1,
            "tips": "\u54ee\u5598\u8868\u73b0\u4e3a\u53d1\u4f5c\u6027\u54b3\u55fd\u3001\u80f8\u95f7\u53ca\u547c\u5438\u56f0\u96be\u3002\u90e8\u5206\u60a3\u8005\u54b3\u75f0\uff0c\u591a\u4e8e\u53d1\u4f5c\u8d8b\u4e8e\u7f13\u89e3\u65f6\u75f0\u591a\uff0c\u5982\u65e0\u5408\u5e76\u611f\u67d3\uff0c\u5e38\u4e3a\u767d\u9ecf\u75f0\uff0c\u8d28\u97e7\uff0c\u6709\u65f6\u5448\u7c73\u7c92\u72b6\u6216\u9ecf\u6db2\u67f1\u72b6\u3002\u53d1\u4f5c\u65f6\u7684\u4e25\u91cd\u7a0b\u5ea6\u548c\u6301\u7eed\u65f6\u95f4\u4e2a\u4f53\u5dee\u5f02\u5f88\u5927\uff0c\u8f7b\u8005\u4ec5\u6709\u80f8\u90e8\u7d27\u8feb\u611f\uff0c\u6301\u7eed\u6570\u5206\u949f\uff0c\u91cd\u8005\u6781\u5ea6\u547c\u5438\u56f0\u96be\uff0c\u6301\u7eed\u6570\u5468\u6216\u66f4\u957f\u65f6\u95f4\u3002\u75c7\u72b6\u7684\u7279\u70b9\u662f\u53ef\u9006\u6027\uff0c\u5373\u7ecf\u6cbb\u7597\u540e\u53ef\u5728\u8f83\u77ed\u65f6\u95f4\u5185\u7f13\u89e3\uff0c\u90e8\u5206\u81ea\u7136\u7f13\u89e3\uff0c\u5f53\u7136\uff0c\u5c11\u90e8\u5206\u4e0d\u7f13\u89e3\u800c\u5448\u6301\u7eed\u72b6\u6001\u3002\u53d1\u4f5c\u5e38\u6709\u4e00\u5b9a\u7684\u8bf1\u53d1\u56e0\u7d20\uff0c\u4e0d\u5c11\u60a3\u8005\u53d1\u4f5c\u6709\u660e\u663e\u7684\u751f\u7269\u89c4\u5f8b\uff0c\u6bcf\u5929\u51cc\u66682\uff5e6\u65f6\u53d1\u4f5c\u6216\u52a0\u91cd\uff0c\u4e00\u822c\u597d\u53d1\u4e8e\u6625\u590f\u4ea4\u63a5\u65f6\u6216\u51ac\u5929\uff0c\u90e8\u5206\u5973\u6027\uff08\u7ea620%\uff09\u5728\u6708\u7ecf\u524d\u6216\u671f\u95f4\u54ee\u5598\u53d1\u4f5c\u6216\u52a0\u91cd\u3002\u8981\u6ce8\u610f\u975e\u5178\u578b\u54ee\u5598\u75c5\u4eba\u3002\u6709\u7684\u75c5\u4eba\u5e38\u4ee5\u53d1\u4f5c\u6027\u54b3\u55fd\u4f5c\u4e3a\u60df\u4e00\u7684\u75c7\u72b6\uff0c\u4e34\u5e8a\u4e0a\u5e38\u6613\u8bef\u8bca\u4e3a\u652f\u6c14\u7ba1\u708e\uff1b\u6709\u7684\u9752\u5c11\u5e74\u75c5\u4eba\u5219\u4ee5\u8fd0\u52a8\u65f6\u51fa\u73b0\u80f8\u95f7\uff0c\u6c14\u7d27\u4e3a\u60df\u4e00\u7684\u4e34\u5e8a\u8868\u73b0\u3002",
            "main_symptoms": [
                16,
                17
            ],
            "main_prescription": [
                5,
                6,
                7,
                8,
                9,
                10,
                16,
                19,
                20,
                21,
                28
            ]
        }
    },
    {
        "model": "disease.disease",
        "pk": 7,
        "fields": {
            "disease_name": "\u9e45\u53e3\u75ae",
            "category": 2,
            "tips": "\u9e45\u53e3\u75ae\u662f\u7531\u767d\u8272\u5ff5\u73e0\u83cc\u611f\u67d3\u6240\u5f15\u8d77\uff0c\u767d\u8272\u5ff5\u73e0\u83cc\u5c31\u662f\u8bb8\u591a\u5fae\u751f\u7269\u4e2d\u7684\u4e00\u79cd\uff0c\u901a\u5e38\u591a\u53d1\u751f\u5728\u53e3\u8154\u4e0d\u6e05\u6d01\u3001\u8425\u517b\u4e0d\u826f\u7684\u5a74\u513f\u4e2d\uff0c\u5728\u4f53\u5f31\u7684\u6210\u5e74\u4eba\u4e2d\u4ea6\u53ef\u53d1\u751f\u3002\u767d\u8272\u5ff5\u73e0\u83cc\u5728\u5065\u5eb7\u513f\u7ae5\u7684\u53e3\u8154\u91cc\u4e5f\u5e38\u53ef\u53d1\u73b0\uff0c\u4f46\u5e76\u4e0d\u81f4\u75c5\u3002",
            "main_symptoms": [
                18,
                19
            ],
            "main_prescription": [
                12,
                30,
                31
            ]
        }
    },
    {
        "model": "disease.disease",
        "pk": 8,
        "fields": {
            "disease_name": "\u6d41\u53e3\u6c34",
            "category": 2,
            "tips": "\u6d41\u53e3\u6c34\u662f\u5a74\u513f\u65f6\u671f\u4e00\u79cd\u5f88\u5e38\u89c1\u7684\u751f\u7406\u73b0\u8c61\uff0c\u533b\u5b66\u4e0a\u79f0\u4e4b\u4e3a\u6d41\u6d8e\uff0c\u4e0d\u9700\u8981\u533b\u6cbb\u3002\u5f02\u5e38\u6d41\u53e3\u6c34\uff0c\u79f0\u6d41\u6d8e\u75c7\u6216\u553e\u6db2\u589e\u591a\uff0c\u5e38\u89c1\u4e8e\u5a74\u513f\u65f6\u671f\u3002",
            "main_symptoms": [
                20
            ],
            "main_prescription": [
                5,
                16,
                19,
                20,
                32,
                33,
                34
            ]
        }
    },
    {
        "model": "disease.disease",
        "pk": 9,
        "fields": {
            "disease_name": "\u5455\u5410",
            "category": 2,
            "tips": "\u5455\u5410\u7684\u75c5\u4f4d\u4e3b\u8981\u5728\u80c3\uff0c\u4f46\u4e0e\u809d\u813e\u6709\u5bc6\u5207\u7684\u5173\u7cfb\u3002\u57fa\u672c\u75c5\u673a\u4e3a\u80c3\u5931\u548c\u964d\uff0c\u80c3\u6c14\u4e0a\u9006\u3002\u75c5\u7406\u6027\u8d28\u4e0d\u5916\u865a\u5b9e\u4e24\u7c7b\uff0c\u5b9e\u8bc1\u56e0\u5916\u90aa\u3001\u98df\u6ede\u3001\u75f0\u996e\u3001\u809d\u6c14\u7b49\u90aa\u6c14\u72af\u80c3\uff0c\u4ee5\u81f4\u80c3\u6c14\u75de\u585e\uff0c\u5347\u964d\u5931\u8c03\uff0c\u6c14\u9006\u4f5c\u5455\uff1b\u865a\u8bc1\u4e3a\u813e\u80c3\u6c14\u9634\u4e8f\u865a\uff0c\u8fd0\u5316\u5931\u5e38\uff0c\u4e0d\u80fd\u548c\u964d\u3002\u75c5\u7406\u6f14\u53d8\uff1a\u521d\u75c5\u591a\u5b9e\uff0c\u5455\u5410\u65e5\u4e45\uff0c\u635f\u4f24\u813e\u80c3\uff0c\u813e\u80c3\u865a\u5f31\uff0c\u53ef\u7531\u5b9e\u8f6c\u865a\u3002\u4ea6\u6709\u813e\u80c3\u865a\u5f31\uff0c\u590d\u56e0\u996e\u98df\u6240\u4f24\uff0c\u800c\u51fa\u73b0\u865a\u5b9e\u5939\u6742\u4e4b\u8bc1\u3002",
            "main_symptoms": [
                21
            ],
            "main_prescription": [
                5,
                20,
                40
            ]
        }
    },
    {
        "model": "disease.disease",
        "pk": 11,
        "fields": {
            "disease_name": "\u8179\u80c0",
            "category": 2,
            "tips": "\u8179\u80c0\u662f\u4e00\u79cd\u5e38\u89c1\u7684\u6d88\u5316\u7cfb\u7edf\u75c7\u72b6\uff0c\u800c\u975e\u4e00\u79cd\u75be\u75c5\u3002\u53ef\u4ee5\u662f\u4e3b\u89c2\u4e0a\u611f\u89c9\u8179\u90e8\u7684\u4e00\u90e8\u5206\u6216\u5168\u8179\u90e8\u80c0\u6ee1\uff0c\u901a\u5e38\u4f34\u6709\u76f8\u5173\u7684\u75c7\u72b6\uff0c\u5982\u5455\u5410\u3001\u8179\u6cfb\u3001\u55f3\u6c14\u7b49\uff1b\u4e5f\u53ef\u4ee5\u662f\u4e00\u79cd\u5ba2\u89c2\u4e0a\u7684\u68c0\u67e5\u6240\u89c1\uff0c\u5982\u53d1\u73b0\u8179\u90e8\u4e00\u90e8\u5206\u6216\u5168\u8179\u90e8\u81a8\u9686\u3002\u5f15\u8d77\u8179\u80c0\u7684\u539f\u56e0\u4e3b\u8981\u89c1\u4e8e\u80c3\u80a0\u9053\u80c0\u6c14\u3001\u5404\u79cd\u539f\u56e0\u6240\u81f4\u7684\u8179\u6c34\u3001\u8179\u8154\u80bf\u7624\u7b49\u3002",
            "main_symptoms": [
                24
            ],
            "main_prescription": [
                5,
                22,
                28,
                43
            ]
        }
    },
    {
        "model": "disease.disease",
        "pk": 12,
        "fields": {
            "disease_name": "\u8179\u75db",
            "category": 2,
            "tips": "\u8179\u75db\uff08abdominal pain\uff09\u662f\u4e34\u5e8a\u5e38\u89c1\u7684\u75c7\u72b6\uff0c\u4e5f\u662f\u4fc3\u4f7f\u60a3\u8005\u5c31\u8bca\u7684\u539f\u56e0\u3002\u8179\u75db\u591a\u7531\u8179\u5185\u7ec4\u7ec7\u6216\u5668\u5b98\u53d7\u5230\u67d0\u79cd\u5f3a\u70c8\u523a\u6fc0\u6216\u635f\u4f24\u6240\u81f4\uff0c\u4e5f\u53ef\u7531\u80f8\u90e8\u75be\u75c5\u53ca\u5168\u8eab\u6027\u75be\u75c5\u6240\u81f4\u3002\u6b64\u5916\uff0c\u8179\u75db\u53c8\u662f\u4e00\u79cd\u4e3b\u89c2\u611f\u89c9\uff0c\u8179\u75db\u7684\u6027\u8d28\u548c\u5f3a\u5ea6\uff0c\u4e0d\u4ec5\u53d7\u75c5\u53d8\u60c5\u51b5\u548c\u523a\u6fc0\u7a0b\u5ea6\u5f71\u54cd\uff0c\u800c\u4e14\u53d7\u795e\u7ecf\u548c\u5fc3\u7406\u7b49\u56e0\u7d20\u7684\u5f71\u54cd\u3002\u5373\u60a3\u8005\u5bf9\u75bc\u75db\u523a\u6fc0\u7684\u654f\u611f\u6027\u5b58\u5728\u5dee\u5f02\uff0c\u76f8\u540c\u75c5\u53d8\u7684\u523a\u6fc0\u5728\u4e0d\u540c\u7684\u60a3\u8005\u6216\u540c\u4e00\u60a3\u8005\u7684\u4e0d\u540c\u65f6\u671f\u5f15\u8d77\u7684\u8179\u75db\u5728\u6027\u8d28\u3001\u5f3a\u5ea6\u53ca\u6301\u7eed\u65f6\u95f4\u4e0a\u6709\u6240\u4e0d\u540c",
            "main_symptoms": [
                25
            ],
            "main_prescription": [
                5,
                28
            ]
        }
    },
    {
        "model": "disease.disease",
        "pk": 14,
        "fields": {
            "disease_name": "\u538c\u98df",
            "category": 2,
            "tips": "\u538c\u98df\u662f\u6307\u5c0f\u513f\u8f83\u957f\u65f6\u671f\u89c1\u98df\u4e0d\u8d2a\uff0c\u98df\u6b32\u4e0d\u632f\uff0c\u751a\u5219\u62d2\u98df\u7684\u4e00\u79cd\u5e38\u89c1\u7684\u75c5\u8bc1\u3002\u8fa8\u8bc1\u5e94\u8fa8\u75c5\u5728\u813e\u6216\u5728\u80c3\u3002\u5728\u80c3\u8005\uff0c\u4ee5\u80c3\u9634\u4e0d\u8db3\u4e3a\u4e3b\uff0c\u8bc1\u89c1\u538c\u98df\u800c\u53e3\u5e72\u591a\u996e\uff0c\u5927\u4fbf\u5e72\u7ed3\uff0c\u820c\u7ea2\u5c11\u6d25\u3002\u5728\u813e\u8005\uff0c\u4ee5\u813e\u8fd0\u5931\u5065\u4e3a\u4e3b\uff0c\u8bc1\u89c1\u538c\u98df\uff0c\u9762\u8272\u5c11\u534e\uff0c\u8179\u80c0\u4fbf\u6e8f\uff0c\u820c\u6de1\u82d4\u767d\u3002\u603b\u7684\u6cbb\u7597\u539f\u5219\u4e3a\u5065\u8fd0\u813e\u6c14\u3001\u517b\u9634\u76ca\u80c3\u3002",
            "main_symptoms": [
                27,
                28
            ],
            "main_prescription": [
                21,
                28
            ]
        }
    },
    {
        "model": "disease.disease",
        "pk": 15,
        "fields": {
            "disease_name": "\u79ef\u98df",
            "category": 2,
            "tips": "\u79ef\u98df\u662f\u6307\u4e2d\u533b\u7684\u4e00\u4e2a\u75c5\u75c7\uff0c\u4e3b\u8981\u662f\u6307\u5c0f\u513f\u4e73\u98df\u8fc7\u91cf\uff0c\u635f\u4f24\u813e\u80c3\uff0c\u4f7f\u4e73\u98df\u505c\u6ede\u4e8e\u4e2d\u7126\u6240\u5f62\u6210\u7684\u80c3\u80a0\u75be\u60a3\u3002\u79ef\u98df\u4e00\u75c7\u591a\u53d1\u751f\u4e8e\u5a74\u5e7c\u513f\uff0c\u4e3b\u8981\u8868\u73b0\u4e3a\u8179\u90e8\u80c0\u6ee1\u3001\u5927\u4fbf\u5e72\u71e5\u6216\u9178\u81ed\u3001\u77e2\u6c14\u81ed\u79fd\u3001\u55f3\u6c14\u9178\u8150\u3001\u809a\u8179\u80c0\u70ed\u3002",
            "main_symptoms": [
                29,
                30,
                31,
                32,
                33,
                34
            ],
            "main_prescription": [
                21
            ]
        }
    },
    {
        "model": "disease.disease",
        "pk": 16,
        "fields": {
            "disease_name": "\u8179\u6cfb",
            "category": 2,
            "tips": "\u8179\u6cfb\uff08diarrhea\uff09\u662f\u4e00\u79cd\u5e38\u89c1\u75c7\u72b6\uff0c\u4fd7\u79f0\u201c\u62c9\u809a\u5b50\u201d\uff0c\u662f\u6307\u6392\u4fbf\u6b21\u6570\u660e\u663e\u8d85\u8fc7\u5e73\u65e5\u4e60\u60ef\u7684\u9891\u7387\uff0c\u7caa\u8d28\u7a00\u8584\uff0c\u6c34\u5206\u589e\u52a0\uff0c\u6bcf\u65e5\u6392\u4fbf\u91cf\u8d85\u8fc7200g\uff0c\u6216\u542b\u672a\u6d88\u5316\u98df\u7269\u6216\u8113\u8840\u3001\u9ecf\u6db2\u3002\u8179\u6cfb\u5e38\u4f34\u6709\u6392\u4fbf\u6025\u8feb\u611f\u3001\u809b\u95e8\u4e0d\u9002\u3001\u5931\u7981\u7b49\u75c7\u72b6\u3002\u6b63\u5e38\u4eba\u6bcf\u65e5\u5927\u7ea6\u67099L\u6db2\u4f53\u8fdb\u5165\u80c3\u80a0\u9053\uff0c\u901a\u8fc7\u80a0\u9053\u5bf9\u6c34\u5206\u7684\u5438\u6536\uff0c\u6700\u7ec8\u7caa\u4fbf\u4e2d\u6c34\u5206\u4ec5\u7ea6100\uff5e200ml\u3002\u82e5\u8fdb\u5165\u7ed3\u80a0\u7684\u6db2\u4f53\u91cf\u8d85\u8fc7\u7ed3\u80a0\u7684\u5438\u6536\u80fd\u529b\u6216\uff08\u548c\uff09\u7ed3\u80a0\u7684\u5438\u6536\u5bb9\u91cf\u51cf\u5c11\uff0c\u5c31\u4f1a\u5bfc\u81f4\u7caa\u4fbf\u4e2d\u6c34\u5206\u6392\u51fa\u91cf\u589e\u52a0\uff0c\u4fbf\u4ea7\u751f\u8179\u6cfb\u3002\u4e34\u5e8a\u4e0a\u6309\u75c5\u7a0b\u957f\u77ed\uff0c\u5c06\u8179\u6cfb\u5206\u6025\u6027\u548c\u6162\u6027\u4e24\u7c7b\u3002\u6025\u6027\u8179\u6cfb\u53d1\u75c5\u6025\u5267\uff0c\u75c5\u7a0b\u57282\uff5e3\u5468\u4e4b\u5185\uff0c\u5927\u591a\u7cfb\u611f\u67d3\u5f15\u8d77\u3002\u6162\u6027\u8179\u6cfb\u6307\u75c5\u7a0b\u5728\u4e24\u4e2a\u6708\u4ee5\u4e0a\u6216\u95f4\u6b47\u671f\u57282\uff5e4\u5468\u5185\u7684\u590d\u53d1\u6027\u8179\u6cfb\uff0c\u53d1\u75c5\u539f\u56e0\u66f4\u4e3a\u590d\u6742\uff0c\u53ef\u4e3a\u611f\u67d3\u6027\u6216\u975e\u611f\u67d3\u6027\u56e0\u7d20\u6240\u81f4\u3002",
            "main_symptoms": [
                35,
                36
            ],
            "main_prescription": [
                5,
                17
            ]
        }
    },
    {
        "model": "disease.disease",
        "pk": 17,
        "fields": {
            "disease_name": "\u4fbf\u79d8",
            "category": 2,
            "tips": "\u4fbf\u79d8\u7684\u4e3b\u8981\u8868\u73b0\u662f\u6392\u4fbf\u6b21\u6570\u51cf\u5c11\u548c\u6392\u4fbf\u56f0\u96be\uff0c\u8bb8\u591a\u60a3\u8005\u7684\u6392\u4fbf\u6b21\u6570\u6bcf\u5468\u5c11\u4e8e3\u6b21\uff0c\u4e25\u91cd\u8005\u957f\u8fbe2\uff5e4\u5468\u624d\u6392\u4fbf\u4e00\u6b21\u3002\u6709\u7684\u60a3\u8005\u53ef\u7a81\u51fa\u5730\u8868\u73b0\u4e3a\u6392\u4fbf\u56f0\u96be\uff0c\u6392\u4fbf\u65f6\u95f4\u53ef\u957f\u8fbe30\u5206\u949f\u4ee5\u4e0a\uff0c\u6216\u6bcf\u65e5\u6392\u4fbf\u591a\u6b21\uff0c\u4f46\u6392\u51fa\u56f0\u96be\uff0c\u7caa\u4fbf\u786c\u7ed3\u5982\u7f8a\u7caa\u72b6\uff0c\u4e14\u6570\u91cf\u5f88\u5c11\u3002\u6b64\u5916\uff0c\u6709\u8179\u80c0\u3001\u98df\u6b32\u7f3a\u4e4f\uff0c\u4ee5\u53ca\u670d\u7528\u6cfb\u836f\u4e0d\u5f53\u5f15\u8d77\u6392\u4fbf\u524d\u8179\u75db\u7b49\u3002\u4f53\u68c0\u5de6\u4e0b\u8179\u6709\u5b58\u7caa\u7684\u80a0\u88a2\uff0c\u809b\u8bca\u6709\u7caa\u5757\u3002",
            "main_symptoms": [
                37,
                38,
                39
            ],
            "main_prescription": [
                5,
                20,
                28,
                49
            ]
        }
    },
    {
        "model": "disease.disease",
        "pk": 18,
        "fields": {
            "disease_name": "\u591c\u557c",
            "category": 3,
            "tips": "\u82e5\u5b55\u6bcd\u813e\u6c14\u6025\u8e81\uff0c\u6216\u5e73\u7d20\u6063\u98df\u9999\u71e5\u7099\u70e4\u4e4b\u7269\uff0c\u6216\u8fc7\u670d\u6e29\u70ed\u836f\u7269\uff0c\u8574\u84c4\u4e4b\u70ed\u9057\u4e8e\u80ce\u513f\u3002\u51fa\u751f\u540e\u5c06\u517b\u8fc7\u6e29\uff0c\u53d7\u706b\u70ed\u4e4b\u6c14\u718f\u707c\uff0c\u5fc3\u706b\u4e0a\u708e\uff0c\u79ef\u70ed\u4e0a\u6270\uff0c\u5219\u5fc3\u795e\u4e0d\u5b89\u800c\u557c\u54ed\u4e0d\u6b62\u3002\u7531\u4e8e\u5fc3\u706b\u8fc7\u4ea2\uff0c\u9634\u4e0d\u80fd\u6f5c\u9633\uff0c\u6545\u591c\u95f4\u4e0d\u5bd0\u800c\u557c\u54ed\u4e0d\u5b81\u3002\u5f7b\u591c\u557c\u54ed\u4e4b\u540e\uff0c\u9633\u6c14\u8017\u635f\uff0c\u65e0\u529b\u6297\u4e89\uff0c\u6545\u767d\u5929\u5165\u5bd0\uff1b\u6b63\u6c14\u672a\u590d\uff0c\u5165\u591c\u53c8\u557c\u3002\u5468\u800c\u590d\u59cb\uff0c\u5faa\u73af\u4e0d\u5df2\u3002\u5fc3\u4e3b\u60ca\u800c\u85cf\u795e\uff0c\u5c0f\u513f\u795e\u6c14\u602f\u5f31\uff0c\u667a\u6167\u672a\u5145\uff0c\u82e5\u89c1\u5f02\u5e38\u4e4b\u7269\uff0c\u6216\u95fb\u7279\u5f02\u58f0\u54cd\uff0c\u800c\u81f4\u60ca\u6050\u3002\u60ca\u5219\u4f24\u795e\uff0c\u6050\u5219\u4f24\u5fd7\uff0c\u81f4\u4f7f\u5fc3\u795e\u4e0d\u5b81\uff0c\u795e\u5fd7\u4e0d\u5b89\uff0c\u5bd0\u4e2d\u60ca\u60d5\uff0c\u56e0\u60ca\u800c\u557c\u3002",
            "main_symptoms": [
                40,
                41
            ],
            "main_prescription": [
                5,
                28,
                64
            ]
        }
    },
    {
        "model": "disease.disease",
        "pk": 19,
        "fields": {
            "disease_name": "\u591a\u53d1\u6027\u62bd\u52a8\u75c7",
            "category": 3,
            "tips": "\u591a\u53d1\u6027\u62bd\u6410\u75c7\uff0c\u4e2d\u533b\u75c5\u540d\u3002\u53c8\u79f0\u62bd\u52a8\u2014\u79fd\u8bed\u7efc\u5408\u5f81\u3002\u5176\u4e34\u5e8a\u7279\u5f81\u4e3a\u6162\u6027\u3001\u6ce2\u52a8\u6027\u3001\u591a\u53d1\u6027\u8fd0\u52a8\u808c\u5feb\u901f\u62bd\u6410\uff0c\u5e76\u4f34\u6709\u4e0d\u81ea\u4e3b\u53d1\u58f0\u548c\u8bed\u8a00\u969c\u788d\u3002\u672c\u75c5\u4ee5\u80a2\u4f53\u62bd\u63a3\u53ca\u5589\u4e2d\u53d1\u51fa\u602a\u58f0\u6216\u53e3\u51fa\u79fd\u8bed\u4e3a\u4e3b\u8981\u4e34\u5e8a\u8868\u73b0\uff0c\u8d77\u75c5\u57282\uff5e12\u5c81\u4e4b\u95f4\uff0c\u7537\u5b69\u53d1\u75c5\u7387\u8f83\u5973\u5b69\u7ea6\u9ad83\u500d\"},\r\n{\"Symptom\":\"\u5c3f\u9891\",\"category\":\"\u5176\u4ed6\u7cfb\u75be\u75c5\",\"Tips\":\"\u6b63\u5e38\u6210\u4eba\u767d\u5929\u6392\u5c3f4\uff5e6\u6b21\uff0c\u591c\u95f40\uff5e2\u6b21\uff0c\u6b21\u6570\u660e\u663e\u589e\u591a\u79f0\u5c3f\u9891\u3002\u5c3f\u9891\u65e2\u53ef\u4ee5\u662f\u751f\u7406\u6027\u3001\u7cbe\u795e\u795e\u7ecf\u6027\u7684\uff0c\u4e5f\u53ef\u4ee5\u662f\u8bb8\u591a\u75be\u75c5\u7684\u75c7\u72b6\u4e4b\u4e00\u3002\u5bfc\u81f4\u5c3f\u9891\u7684\u539f\u56e0\u8f83\u591a\uff0c\u5305\u62ec\u708e\u75c7\u3001\u5f02\u7269\u3001\u7cbe\u795e\u56e0\u7d20\u3001\u75c5\u540e\u4f53\u865a\u3001\u5bc4\u751f\u866b\u75c5\u7b49\u3002",
            "main_symptoms": [
                42,
                43
            ],
            "main_prescription": [
                26,
                65,
                66,
                67,
                68,
                69
            ]
        }
    },
    {
        "model": "disease.disease",
        "pk": 20,
        "fields": {
            "disease_name": "\u590f\u5b63\u70ed",
            "category": 3,
            "tips": "\u4e3b\u8981\u4e0e\u5c0f\u513f\u4f53\u8d28\u56e0\u7d20\u6709\u5173\u3002\u56e0\u5c0f\u513f\u5148\u5929\u7980\u8d4b\u4e0d\u8db3\uff0c\u5982\u65e9\u4ea7\u513f\u3001\u672a\u6210\u719f\u513f\uff0c\u80be\u6c14\u4e0d\u8db3\u8005\uff1b\u6709\u56e0\u540e\u5929\u813e\u80c3\u4e0d\u8db3\uff0c\u53d1\u80b2\u8425\u517b\u8f83\u5dee\uff0c\u813e\u80c3\u865a\u5f31\u8005\uff1b\u6709\u56e0\u75c5\u540e\u4f53\u865a\uff0c\u6c14\u9634\u4e0d\u8db3\u8005\uff0c\u5165\u590f\u540e\u4e0d\u80fd\u8010\u53d7\u6691\u70ed\u6c14\u5019\u7684\u718f\u84b8\uff0c\u6613\u60a3\u672c\u75c5\u3002",
            "main_symptoms": [
                44,
                45,
                46,
                47,
                48
            ],
            "main_prescription": [
                5,
                9,
                10,
                12,
                70
            ]
        }
    },
    {
        "model": "disease.disease",
        "pk": 21,
        "fields": {
            "disease_name": "\u5c3f\u9891",
            "category": 3,
            "tips": "\u6b63\u5e38\u6210\u4eba\u767d\u5929\u6392\u5c3f4\uff5e6\u6b21\uff0c\u591c\u95f40\uff5e2\u6b21\uff0c\u6b21\u6570\u660e\u663e\u589e\u591a\u79f0\u5c3f\u9891\u3002\u5c3f\u9891\u65e2\u53ef\u4ee5\u662f\u751f\u7406\u6027\u3001\u7cbe\u795e\u795e\u7ecf\u6027\u7684\uff0c\u4e5f\u53ef\u4ee5\u662f\u8bb8\u591a\u75be\u75c5\u7684\u75c7\u72b6\u4e4b\u4e00\u3002\u5bfc\u81f4\u5c3f\u9891\u7684\u539f\u56e0\u8f83\u591a\uff0c\u5305\u62ec\u708e\u75c7\u3001\u5f02\u7269\u3001\u7cbe\u795e\u56e0\u7d20\u3001\u75c5\u540e\u4f53\u865a\u3001\u5bc4\u751f\u866b\u75c5\u7b49\u3002",
            "main_symptoms": [
                49,
                50
            ],
            "main_prescription": [
                5,
                9,
                16,
                56,
                71,
                72
            ]
        }
    },
    {
        "model": "disease.diseasetypingsymptoms",
        "pk": 1,
        "fields": {
            "symptoms_name": "\u53d1\u70ed\u8f7b"
        }
    },
    {
        "model": "disease.diseasetypingsymptoms",
        "pk": 2,
        "fields": {
            "symptoms_name": "\u6015\u51b7"
        }
    },
    {
        "model": "disease.diseasetypingsymptoms",
        "pk": 3,
        "fields": {
            "symptoms_name": "\u6d41\u6e05\u9f3b\u6d95"
        }
    },
    {
        "model": "disease.diseasetypingsymptoms",
        "pk": 4,
        "fields": {
            "symptoms_name": "\u820c\u8272\u6de1"
        }
    },
    {
        "model": "disease.diseasetypingsymptoms",
        "pk": 5,
        "fields": {
            "symptoms_name": "\u53d1\u70ed\u91cd"
        }
    },
    {
        "model": "disease.diseasetypingsymptoms",
        "pk": 6,
        "fields": {
            "symptoms_name": "\u6015\u98ce"
        }
    },
    {
        "model": "disease.diseasetypingsymptoms",
        "pk": 7,
        "fields": {
            "symptoms_name": "\u6d41\u9ec4\u9f3b\u6d95"
        }
    },
    {
        "model": "disease.diseasetypingsymptoms",
        "pk": 8,
        "fields": {
            "symptoms_name": "\u820c\u8272\u7ea2"
        }
    },
    {
        "model": "disease.diseasetypingsymptoms",
        "pk": 9,
        "fields": {
            "symptoms_name": "\u6d41\u8113\u6d95\u6216\u9ec4\u9f3b\u6d95"
        }
    },
    {
        "model": "disease.diseasetypingsymptoms",
        "pk": 10,
        "fields": {
            "symptoms_name": "\u53d1\u70ed"
        }
    },
    {
        "model": "disease.diseasetypingsymptoms",
        "pk": 11,
        "fields": {
            "symptoms_name": "\u6015\u51b7\u3001\u6216\u6709\u5bd2\u98a4"
        }
    },
    {
        "model": "disease.diseasetypingsymptoms",
        "pk": 12,
        "fields": {
            "symptoms_name": "\u4f34\u6709\u660e\u663e\u5934\u75db\uff0c\u6216\u9762\u988a\u90e8\u75bc\u75db"
        }
    },
    {
        "model": "disease.diseasetypingsymptoms",
        "pk": 13,
        "fields": {
            "symptoms_name": "\u75c5\u7a0b\u5927\u4e8e\u4e09\u4e2a\u6708"
        }
    },
    {
        "model": "disease.diseasetypingsymptoms",
        "pk": 14,
        "fields": {
            "symptoms_name": "\u4f34\u6709\u98df\u6b32\u4e0d\u632f\u3001\u5927\u4fbf\u7a00"
        }
    },
    {
        "model": "disease.diseasetypingsymptoms",
        "pk": 15,
        "fields": {
            "symptoms_name": "\u53d1\u75c5\u65f6\u95f4\u77ed"
        }
    },
    {
        "model": "disease.diseasetypingsymptoms",
        "pk": 16,
        "fields": {
            "symptoms_name": "\u53d1\u75c5\u524d\u591a\u6709\u53d7\u98ce\u3001\u53d7\u51c9\u7b49\u8bf1\u56e0"
        }
    },
    {
        "model": "disease.diseasetypingsymptoms",
        "pk": 17,
        "fields": {
            "symptoms_name": "\u54b3\u55fd"
        }
    },
    {
        "model": "disease.diseasetypingsymptoms",
        "pk": 18,
        "fields": {
            "symptoms_name": "\u547c\u6c14\u6025\u4fc3"
        }
    },
    {
        "model": "disease.diseasetypingsymptoms",
        "pk": 19,
        "fields": {
            "symptoms_name": "\u54b3\u75f0\u6e05\u7a00\u3001\u989c\u8272\u6de1\u767d"
        }
    },
    {
        "model": "disease.diseasetypingsymptoms",
        "pk": 20,
        "fields": {
            "symptoms_name": "\u53e3\u6e34\uff0c\u60f3\u8981\u559d\u6c34"
        }
    },
    {
        "model": "disease.diseasetypingsymptoms",
        "pk": 21,
        "fields": {
            "symptoms_name": "\u75f0\u8272\u9ec4\u800c\u7c98\u7a20\uff0c\u54bd\u90e8\u53d1\u7ea2"
        }
    },
    {
        "model": "disease.diseasetypingsymptoms",
        "pk": 22,
        "fields": {
            "symptoms_name": "\u53e3\u6c34\u591a"
        }
    },
    {
        "model": "disease.diseasetypingsymptoms",
        "pk": 23,
        "fields": {
            "symptoms_name": "\u70e6\u8e81\u3001\u54ed\u95f9\u4e0d\u5b89"
        }
    },
    {
        "model": "disease.diseasetypingsymptoms",
        "pk": 24,
        "fields": {
            "symptoms_name": "\u591a\u6709\u5582\u517b\u4e0d\u5f53\u75c5\u53f2"
        }
    },
    {
        "model": "disease.diseasetypingsymptoms",
        "pk": 25,
        "fields": {
            "symptoms_name": "\u5455\u5410\u7269\u4e3a\u9178\u81ed\u4e73\u5757\u6216\u4e0d\u6d88\u5316\u98df\u7269"
        }
    },
    {
        "model": "disease.diseasetypingsymptoms",
        "pk": 26,
        "fields": {
            "symptoms_name": "\u98df\u5165\u5373\u5410"
        }
    },
    {
        "model": "disease.diseasetypingsymptoms",
        "pk": 27,
        "fields": {
            "symptoms_name": "\u5455\u5410\u7269\u6c14\u5473\u9178\u81ed"
        }
    },
    {
        "model": "disease.diseasetypingsymptoms",
        "pk": 28,
        "fields": {
            "symptoms_name": "\u9762\u8272\u3001\u5507\u8272\u53d1\u7ea2"
        }
    },
    {
        "model": "disease.diseasetypingsymptoms",
        "pk": 29,
        "fields": {
            "symptoms_name": "\u8d77\u75c5\u7f13\u6162\u3001\u8fdb\u98df\u4e00\u6bb5\u65f6\u95f4\u540e\u624d\u51fa\u73b0\u5455\u5410"
        }
    },
    {
        "model": "disease.diseasetypingsymptoms",
        "pk": 30,
        "fields": {
            "symptoms_name": "\u5455\u5410\u7269\u591a\u4e3a\u6e05\u7a00\u75f0\u6db2\u6216\u4e0d\u6d88\u5316\u98df\u7269\u6b8b\u6e23"
        }
    },
    {
        "model": "disease.diseasetypingsymptoms",
        "pk": 31,
        "fields": {
            "symptoms_name": "\u5455\u5410\u7269\u4e3a\u6e05\u7a00\u9ecf\u6db2"
        }
    },
    {
        "model": "disease.diseasetypingsymptoms",
        "pk": 32,
        "fields": {
            "symptoms_name": "\u9762\u8272\u9752\u6216\u767d"
        }
    },
    {
        "model": "disease.diseasetypingsymptoms",
        "pk": 33,
        "fields": {
            "symptoms_name": "\u8e81\u52a8\u4e0d\u5b89\u3001\u54ed\u95f9\u660e\u663e"
        }
    },
    {
        "model": "disease.diseasetypingsymptoms",
        "pk": 34,
        "fields": {
            "symptoms_name": "\u6309\u4e4b\u75bc\u75db"
        }
    },
    {
        "model": "disease.diseasetypingsymptoms",
        "pk": 35,
        "fields": {
            "symptoms_name": "\u8179\u80c0\u65f6\u6709\u597d\u8f6c\u3001\u6309\u4e4b\u4e0d\u75bc"
        }
    },
    {
        "model": "disease.diseasetypingsymptoms",
        "pk": 36,
        "fields": {
            "symptoms_name": "\u9047\u70ed\u597d\u8f6c"
        }
    },
    {
        "model": "disease.diseasetypingsymptoms",
        "pk": 37,
        "fields": {
            "symptoms_name": "\u6015\u51b7"
        }
    },
    {
        "model": "disease.diseasetypingsymptoms",
        "pk": 38,
        "fields": {
            "symptoms_name": "\u4e0d\u7231\u52a8"
        }
    },
    {
        "model": "disease.diseasetypingsymptoms",
        "pk": 39,
        "fields": {
            "symptoms_name": "\u9762\u8272\u767d"
        }
    },
    {
        "model": "disease.diseasetypingsymptoms",
        "pk": 40,
        "fields": {
            "symptoms_name": "\u56db\u80a2\u51c9"
        }
    },
    {
        "model": "disease.diseasetypingsymptoms",
        "pk": 41,
        "fields": {
            "symptoms_name": "\u81ea\u89c9\u5934\u660f"
        }
    },
    {
        "model": "disease.diseasetypingsymptoms",
        "pk": 42,
        "fields": {
            "symptoms_name": "\u8eab\u4f53\u4e4f\u529b"
        }
    },
    {
        "model": "disease.diseasetypingsymptoms",
        "pk": 43,
        "fields": {
            "symptoms_name": "\u820c\u82d4\u539a"
        }
    },
    {
        "model": "disease.diseasetypingsymptoms",
        "pk": 44,
        "fields": {
            "symptoms_name": "\u8179\u75db\u8d77\u75c5\u6025"
        }
    },
    {
        "model": "disease.diseasetypingsymptoms",
        "pk": 45,
        "fields": {
            "symptoms_name": "\u75bc\u75db\u660e\u663e"
        }
    },
    {
        "model": "disease.diseasetypingsymptoms",
        "pk": 46,
        "fields": {
            "symptoms_name": "\u9047\u51b7\u52a0\u91cd"
        }
    },
    {
        "model": "disease.diseasetypingsymptoms",
        "pk": 47,
        "fields": {
            "symptoms_name": "\u809a\u5b50\u80c0"
        }
    },
    {
        "model": "disease.diseasetypingsymptoms",
        "pk": 48,
        "fields": {
            "symptoms_name": "\u75bc\u75db\u62d2\u6309"
        }
    },
    {
        "model": "disease.diseasetypingsymptoms",
        "pk": 49,
        "fields": {
            "symptoms_name": "\u4e0d\u60f3\u5403\u996d"
        }
    },
    {
        "model": "disease.diseasetypingsymptoms",
        "pk": 50,
        "fields": {
            "symptoms_name": "\u8179\u80c0"
        }
    },
    {
        "model": "disease.diseasetypingsymptoms",
        "pk": 51,
        "fields": {
            "symptoms_name": "\u62d2\u6309"
        }
    },
    {
        "model": "disease.diseasetypingsymptoms",
        "pk": 52,
        "fields": {
            "symptoms_name": "\u4fbf\u79d8"
        }
    },
    {
        "model": "disease.diseasetypingsymptoms",
        "pk": 53,
        "fields": {
            "symptoms_name": "\u5f62\u4f53\u504f\u7626"
        }
    },
    {
        "model": "disease.diseasetypingsymptoms",
        "pk": 54,
        "fields": {
            "symptoms_name": "\u82d4\u8584\u767d"
        }
    },
    {
        "model": "disease.diseasetypingsymptoms",
        "pk": 55,
        "fields": {
            "symptoms_name": "\u5403\u7684\u5c11"
        }
    },
    {
        "model": "disease.diseasetypingsymptoms",
        "pk": 56,
        "fields": {
            "symptoms_name": "\u996e\u6c34\u591a"
        }
    },
    {
        "model": "disease.diseasetypingsymptoms",
        "pk": 57,
        "fields": {
            "symptoms_name": "\u5927\u4fbf\u504f\u5e72"
        }
    },
    {
        "model": "disease.diseasetypingsymptoms",
        "pk": 58,
        "fields": {
            "symptoms_name": "\u820c\u7ea2\u5c11\u82d4"
        }
    },
    {
        "model": "disease.diseasetypingsymptoms",
        "pk": 59,
        "fields": {
            "symptoms_name": "\u53e3\u81ed"
        }
    },
    {
        "model": "disease.diseasetypingsymptoms",
        "pk": 60,
        "fields": {
            "symptoms_name": "\u5927\u4fbf\u9178\u81ed"
        }
    },
    {
        "model": "disease.diseasetypingsymptoms",
        "pk": 61,
        "fields": {
            "symptoms_name": "\u9762\u9ec4\u808c\u7626"
        }
    },
    {
        "model": "disease.diseasetypingsymptoms",
        "pk": 62,
        "fields": {
            "symptoms_name": "\u8179\u80c0\u559c\u6309"
        }
    },
    {
        "model": "disease.diseasetypingsymptoms",
        "pk": 63,
        "fields": {
            "symptoms_name": "\u590f\u79cb\u5b63\u8282\u591a\u89c1"
        }
    },
    {
        "model": "disease.diseasetypingsymptoms",
        "pk": 64,
        "fields": {
            "symptoms_name": "\u8d77\u75c5\u6025\uff0c\u6cfb\u52bf\u6025\u8feb"
        }
    },
    {
        "model": "disease.diseasetypingsymptoms",
        "pk": 65,
        "fields": {
            "symptoms_name": "\u8272\u9ec4\u800c\u6c14\u5473\u81ed\u6216\u5939\u6709\u9ecf\u6db2"
        }
    },
    {
        "model": "disease.diseasetypingsymptoms",
        "pk": 66,
        "fields": {
            "symptoms_name": "\u4fbf\u8d28\u6e05\u7a00"
        }
    },
    {
        "model": "disease.diseasetypingsymptoms",
        "pk": 67,
        "fields": {
            "symptoms_name": "\u4fbf\u8d28\u6e05\u7a00\uff0c\u591a\u6ce1\u6cab\uff0c\u8272\u6de1\u9ec4"
        }
    },
    {
        "model": "disease.diseasetypingsymptoms",
        "pk": 68,
        "fields": {
            "symptoms_name": "\u8179\u75db"
        }
    },
    {
        "model": "disease.diseasetypingsymptoms",
        "pk": 69,
        "fields": {
            "symptoms_name": "\u80a0\u9e23\u97f3\u591a"
        }
    },
    {
        "model": "disease.diseasetypingsymptoms",
        "pk": 70,
        "fields": {
            "symptoms_name": "\u559c\u6309\u559c\u6696"
        }
    },
    {
        "model": "disease.diseasetypingsymptoms",
        "pk": 71,
        "fields": {
            "symptoms_name": "\u6709\u4f24\u98df\u53f2"
        }
    },
    {
        "model": "disease.diseasetypingsymptoms",
        "pk": 72,
        "fields": {
            "symptoms_name": "\u8179\u80c0\u75db"
        }
    },
    {
        "model": "disease.diseasetypingsymptoms",
        "pk": 73,
        "fields": {
            "symptoms_name": "\u6cfb\u4e0b\u6216\u5455\u5410\u540e\u80c0\u75db\u51cf\u8f7b"
        }
    },
    {
        "model": "disease.diseasetypingsymptoms",
        "pk": 74,
        "fields": {
            "symptoms_name": "\u75c5\u7a0b\u957f"
        }
    },
    {
        "model": "disease.diseasetypingsymptoms",
        "pk": 75,
        "fields": {
            "symptoms_name": "\u65f6\u8f7b\u65f6\u91cd"
        }
    },
    {
        "model": "disease.diseasetypingsymptoms",
        "pk": 76,
        "fields": {
            "symptoms_name": "\u8272\u6de1\u4e0d\u81ed"
        }
    },
    {
        "model": "disease.diseasetypingsymptoms",
        "pk": 77,
        "fields": {
            "symptoms_name": "\u98df\u540e\u5373\u6cfb"
        }
    },
    {
        "model": "disease.diseasetypingsymptoms",
        "pk": 78,
        "fields": {
            "symptoms_name": "\u5927\u4fbf\u8272\u9752\u3001\u7c98\u7a20\u4e0d\u5316"
        }
    },
    {
        "model": "disease.diseasetypingsymptoms",
        "pk": 79,
        "fields": {
            "symptoms_name": "\u80c6\u5c0f\u3001\u6613\u53d7\u60ca\u5413"
        }
    },
    {
        "model": "disease.diseasetypingsymptoms",
        "pk": 80,
        "fields": {
            "symptoms_name": "\u9762\u7ea2\u8eab\u70ed"
        }
    },
    {
        "model": "disease.diseasetypingsymptoms",
        "pk": 81,
        "fields": {
            "symptoms_name": "\u53e3\u5e72\u53e3\u81ed"
        }
    },
    {
        "model": "disease.diseasetypingsymptoms",
        "pk": 82,
        "fields": {
            "symptoms_name": "\u8179\u80c0\u6216\u75db"
        }
    },
    {
        "model": "disease.diseasetypingsymptoms",
        "pk": 83,
        "fields": {
            "symptoms_name": "\u5c0f\u4fbf\u77ed\u8d64\u6216\u53e3\u820c\u751f\u75ae"
        }
    },
    {
        "model": "disease.diseasetypingsymptoms",
        "pk": 84,
        "fields": {
            "symptoms_name": "\u820c\u7ea2\u3001\u820c\u82d4\u9ec4\u4e14\u5e72\u71e5"
        }
    },
    {
        "model": "disease.diseasetypingsymptoms",
        "pk": 85,
        "fields": {
            "symptoms_name": "\u591a\u89c1\u4e8e\u5e74\u957f\u513f"
        }
    },
    {
        "model": "disease.diseasetypingsymptoms",
        "pk": 86,
        "fields": {
            "symptoms_name": "\u60c5\u5fd7\u4e0d\u7545\u6216\u8fd0\u52a8\u5c11"
        }
    },
    {
        "model": "disease.diseasetypingsymptoms",
        "pk": 87,
        "fields": {
            "symptoms_name": "\u7ecf\u5e38\u6253\u55dd"
        }
    },
    {
        "model": "disease.diseasetypingsymptoms",
        "pk": 88,
        "fields": {
            "symptoms_name": "\u80f8\u80c1\u90e8\u80c0\u75db"
        }
    },
    {
        "model": "disease.diseasetypingsymptoms",
        "pk": 89,
        "fields": {
            "symptoms_name": "\u5927\u4fbf\u4e0d\u5e72\u786c"
        }
    },
    {
        "model": "disease.diseasetypingsymptoms",
        "pk": 90,
        "fields": {
            "symptoms_name": "\u6709\u4fbf\u610f\u3001\u4fbf\u540e\u75b2\u4e4f"
        }
    },
    {
        "model": "disease.diseasetypingsymptoms",
        "pk": 91,
        "fields": {
            "symptoms_name": "\u9762\u5507\u722a\u7532\u989c\u8272\u6de1\u767d\u65e0\u5149\u6cfd"
        }
    },
    {
        "model": "disease.diseasetypingsymptoms",
        "pk": 92,
        "fields": {
            "symptoms_name": "\u5927\u4fbf\u5e72\u7ed3"
        }
    },
    {
        "model": "disease.diseasetypingsymptoms",
        "pk": 93,
        "fields": {
            "symptoms_name": "\u795e\u60c5\u4e0d\u5b89"
        }
    },
    {
        "model": "disease.diseasetypingsymptoms",
        "pk": 94,
        "fields": {
            "symptoms_name": "\u65f6\u4f5c\u60ca\u60d5"
        }
    },
    {
        "model": "disease.diseasetypingsymptoms",
        "pk": 95,
        "fields": {
            "symptoms_name": "\u9762\u8272\u4e4d\u9752\u4e4d\u767d"
        }
    },
    {
        "model": "disease.diseasetypingsymptoms",
        "pk": 96,
        "fields": {
            "symptoms_name": "\u65f6\u54ed\u65f6\u6b62"
        }
    },
    {
        "model": "disease.diseasetypingsymptoms",
        "pk": 97,
        "fields": {
            "symptoms_name": "\u54ed\u58f0\u4f4e\u5f31"
        }
    },
    {
        "model": "disease.diseasetypingsymptoms",
        "pk": 98,
        "fields": {
            "symptoms_name": "\u9762\u8272\u767d"
        }
    },
    {
        "model": "disease.diseasetypingsymptoms",
        "pk": 99,
        "fields": {
            "symptoms_name": "\u6015\u51b7"
        }
    },
    {
        "model": "disease.diseasetypingsymptoms",
        "pk": 100,
        "fields": {
            "symptoms_name": "\u56db\u80a2\u4e0d\u6e29"
        }
    },
    {
        "model": "disease.diseasetypingsymptoms",
        "pk": 101,
        "fields": {
            "symptoms_name": "\u5927\u4fbf\u7a00"
        }
    },
    {
        "model": "disease.diseasetypingsymptoms",
        "pk": 102,
        "fields": {
            "symptoms_name": "\u54ed\u58f0\u6d2a\u4eae"
        }
    },
    {
        "model": "disease.diseasetypingsymptoms",
        "pk": 103,
        "fields": {
            "symptoms_name": "\u89c1\u706f\u5c24\u751a"
        }
    },
    {
        "model": "disease.diseasetypingsymptoms",
        "pk": 104,
        "fields": {
            "symptoms_name": "\u70e6\u8e81\u4e0d\u5b89"
        }
    },
    {
        "model": "disease.diseasetypingsymptoms",
        "pk": 105,
        "fields": {
            "symptoms_name": "\u9762\u7ea2\u5507\u8d64"
        }
    },
    {
        "model": "disease.diseasetypingsymptoms",
        "pk": 106,
        "fields": {
            "symptoms_name": "\u5927\u4fbf\u5e72\u7ed3"
        }
    },
    {
        "model": "disease.diseasetyping",
        "pk": 1,
        "fields": {
            "disease": 1,
            "type_name": "\u98ce\u5bd2",
            "add_prescription": [
                16,
                19,
                25
            ],
            "typing_symptoms": [
                1,
                2,
                3,
                4
            ]
        }
    },
    {
        "model": "disease.diseasetyping",
        "pk": 2,
        "fields": {
            "disease": 1,
            "type_name": "\u98ce\u70ed",
            "add_prescription": [
                11,
                12
            ],
            "typing_symptoms": [
                5,
                6,
                7,
                8
            ]
        }
    },
    {
        "model": "disease.diseasetyping",
        "pk": 3,
        "fields": {
            "disease": 2,
            "type_name": "\u80ba\u70ed",
            "add_prescription": [
                11,
                12,
                13
            ],
            "typing_symptoms": [
                9,
                10,
                11
            ]
        }
    },
    {
        "model": "disease.diseasetyping",
        "pk": 4,
        "fields": {
            "disease": 2,
            "type_name": "\u80c6\u7ecf\u90c1\u70ed",
            "add_prescription": [
                13,
                14,
                15
            ],
            "typing_symptoms": [
                12
            ]
        }
    },
    {
        "model": "disease.diseasetyping",
        "pk": 5,
        "fields": {
            "disease": 2,
            "type_name": "\u813e\u7ecf\u6e7f\u70ed",
            "add_prescription": [
                16,
                17,
                18
            ],
            "typing_symptoms": [
                14
            ]
        }
    },
    {
        "model": "disease.diseasetyping",
        "pk": 6,
        "fields": {
            "disease": 2,
            "type_name": "\u80ba\u813e\u6c14\u865a",
            "add_prescription": [
                16,
                19,
                20,
                21,
                22
            ],
            "typing_symptoms": [
                13
            ]
        }
    },
    {
        "model": "disease.diseasetyping",
        "pk": 7,
        "fields": {
            "disease": 3,
            "type_name": "\u5916\u611f",
            "add_prescription": [
                6,
                7,
                8,
                9,
                10
            ],
            "typing_symptoms": [
                15,
                16
            ]
        }
    },
    {
        "model": "disease.diseasetyping",
        "pk": 8,
        "fields": {
            "disease": 3,
            "type_name": "\u5185\u4f24",
            "add_prescription": [
                16,
                20,
                21,
                23,
                24
            ],
            "typing_symptoms": []
        }
    },
    {
        "model": "disease.diseasetyping",
        "pk": 9,
        "fields": {
            "disease": 4,
            "type_name": "\u98ce\u5bd2",
            "add_prescription": [
                11,
                12,
                25,
                29
            ],
            "typing_symptoms": [
                10,
                11,
                17,
                18,
                19
            ]
        }
    },
    {
        "model": "disease.diseasetyping",
        "pk": 10,
        "fields": {
            "disease": 4,
            "type_name": "\u98ce\u70ed",
            "add_prescription": [
                11,
                12,
                25,
                29
            ],
            "typing_symptoms": [
                6,
                10,
                20,
                21
            ]
        }
    },
    {
        "model": "disease.diseasetyping",
        "pk": 11,
        "fields": {
            "disease": 7,
            "type_name": "\u53d1\u70ed\u91cd",
            "add_prescription": [
                35,
                36
            ],
            "typing_symptoms": [
                5
            ]
        }
    },
    {
        "model": "disease.diseasetyping",
        "pk": 12,
        "fields": {
            "disease": 7,
            "type_name": "\u53e3\u6c34\u591a",
            "add_prescription": [
                37
            ],
            "typing_symptoms": [
                22
            ]
        }
    },
    {
        "model": "disease.diseasetyping",
        "pk": 13,
        "fields": {
            "disease": 7,
            "type_name": "\u70e6\u8e81\u3001\u54ed\u95f9\u4e0d\u5b89",
            "add_prescription": [
                38,
                39
            ],
            "typing_symptoms": [
                23
            ]
        }
    },
    {
        "model": "disease.diseasetyping",
        "pk": 14,
        "fields": {
            "disease": 9,
            "type_name": "\u4f24\u98df",
            "add_prescription": [
                28,
                41,
                42,
                43
            ],
            "typing_symptoms": [
                24,
                25
            ]
        }
    },
    {
        "model": "disease.diseasetyping",
        "pk": 15,
        "fields": {
            "disease": 9,
            "type_name": "\u80c3\u70ed",
            "add_prescription": [
                12,
                28,
                35,
                40,
                44
            ],
            "typing_symptoms": [
                20,
                26,
                27,
                28
            ]
        }
    },
    {
        "model": "disease.diseasetyping",
        "pk": 16,
        "fields": {
            "disease": 9,
            "type_name": "\u80c3\u5bd2",
            "add_prescription": [
                9,
                41,
                45
            ],
            "typing_symptoms": [
                29,
                30
            ]
        }
    },
    {
        "model": "disease.diseasetyping",
        "pk": 17,
        "fields": {
            "disease": 9,
            "type_name": "\u60ca\u6050",
            "add_prescription": [
                38,
                39
            ],
            "typing_symptoms": [
                31,
                32,
                33
            ]
        }
    },
    {
        "model": "disease.diseasetyping",
        "pk": 18,
        "fields": {
            "disease": 11,
            "type_name": "\u5b9e\u8bc1",
            "add_prescription": [
                12,
                20,
                28,
                30,
                42
            ],
            "typing_symptoms": [
                34
            ]
        }
    },
    {
        "model": "disease.diseasetyping",
        "pk": 19,
        "fields": {
            "disease": 11,
            "type_name": "\u865a\u8bc1",
            "add_prescription": [
                9,
                16,
                20,
                36,
                46
            ],
            "typing_symptoms": [
                35
            ]
        }
    },
    {
        "model": "disease.diseasetyping",
        "pk": 20,
        "fields": {
            "disease": 11,
            "type_name": "\u5bd2\u8bc1",
            "add_prescription": [
                9,
                12,
                21,
                46,
                47
            ],
            "typing_symptoms": [
                36,
                37,
                38,
                39,
                40
            ]
        }
    },
    {
        "model": "disease.diseasetyping",
        "pk": 21,
        "fields": {
            "disease": 11,
            "type_name": "\u70ed\u8bc1",
            "add_prescription": [
                12,
                29,
                35,
                48,
                49
            ],
            "typing_symptoms": [
                8,
                41,
                42,
                43
            ]
        }
    },
    {
        "model": "disease.diseasetyping",
        "pk": 22,
        "fields": {
            "disease": 12,
            "type_name": "\u5bd2\u75db",
            "add_prescription": [
                16,
                45,
                46
            ],
            "typing_symptoms": [
                36,
                44,
                45,
                46
            ]
        }
    },
    {
        "model": "disease.diseasetyping",
        "pk": 23,
        "fields": {
            "disease": 12,
            "type_name": "\u79ef\u98df",
            "add_prescription": [
                9,
                20,
                29,
                30,
                50,
                51
            ],
            "typing_symptoms": [
                47,
                48,
                49
            ]
        }
    },
    {
        "model": "disease.diseasetyping",
        "pk": 24,
        "fields": {
            "disease": 12,
            "type_name": "\u80c3\u70ed",
            "add_prescription": [
                11,
                30,
                35,
                49,
                50
            ],
            "typing_symptoms": [
                50,
                51,
                52
            ]
        }
    },
    {
        "model": "disease.diseasetyping",
        "pk": 25,
        "fields": {
            "disease": 14,
            "type_name": "\u813e\u8fd0\u5316\u5931\u5e38",
            "add_prescription": [
                12,
                16,
                20,
                50
            ],
            "typing_symptoms": [
                24,
                49
            ]
        }
    },
    {
        "model": "disease.diseasetyping",
        "pk": 26,
        "fields": {
            "disease": 14,
            "type_name": "\u813e\u865a",
            "add_prescription": [
                12,
                16,
                20,
                50
            ],
            "typing_symptoms": [
                4,
                42,
                49,
                53,
                54
            ]
        }
    },
    {
        "model": "disease.diseasetyping",
        "pk": 27,
        "fields": {
            "disease": 14,
            "type_name": "\u80c3\u9634\u4e0d\u8db3",
            "add_prescription": [
                12,
                48,
                52
            ],
            "typing_symptoms": [
                55,
                56,
                57,
                58
            ]
        }
    },
    {
        "model": "disease.diseasetyping",
        "pk": 28,
        "fields": {
            "disease": 15,
            "type_name": "\u98df\u6ede\u813e\u80c3",
            "add_prescription": [
                20,
                29,
                43,
                53,
                54,
                55
            ],
            "typing_symptoms": [
                24,
                47,
                49,
                59,
                60
            ]
        }
    },
    {
        "model": "disease.diseasetyping",
        "pk": 29,
        "fields": {
            "disease": 15,
            "type_name": "\u813e\u865a\u5939\u79ef",
            "add_prescription": [
                16,
                20,
                41,
                43,
                45,
                52,
                55
            ],
            "typing_symptoms": [
                14,
                61,
                62
            ]
        }
    },
    {
        "model": "disease.diseasetyping",
        "pk": 30,
        "fields": {
            "disease": 16,
            "type_name": "\u80a0\u8179\u6e7f\u70ed",
            "add_prescription": [
                9,
                16,
                30,
                35,
                49
            ],
            "typing_symptoms": [
                63,
                64,
                65
            ]
        }
    },
    {
        "model": "disease.diseasetyping",
        "pk": 31,
        "fields": {
            "disease": 16,
            "type_name": "\u98ce\u5bd2\u72af\u80a0",
            "add_prescription": [
                9,
                16,
                18,
                45,
                56
            ],
            "typing_symptoms": [
                67,
                68,
                69,
                70
            ]
        }
    },
    {
        "model": "disease.diseasetyping",
        "pk": 32,
        "fields": {
            "disease": 16,
            "type_name": "\u4e73\u98df\u5185\u4f24",
            "add_prescription": [
                20,
                28,
                56,
                57
            ],
            "typing_symptoms": [
                71,
                72,
                73
            ]
        }
    },
    {
        "model": "disease.diseasetyping",
        "pk": 33,
        "fields": {
            "disease": 16,
            "type_name": "\u813e\u80c3\u6c14\u865a",
            "add_prescription": [
                9,
                16,
                17,
                18,
                21,
                23,
                24,
                56,
                59,
                61
            ],
            "typing_symptoms": [
                14,
                74,
                75,
                76,
                77
            ]
        }
    },
    {
        "model": "disease.diseasetyping",
        "pk": 34,
        "fields": {
            "disease": 16,
            "type_name": "\u809d\u813e\u4e0d\u548c",
            "add_prescription": [
                16,
                18,
                39,
                62
            ],
            "typing_symptoms": [
                78,
                79
            ]
        }
    },
    {
        "model": "disease.diseasetyping",
        "pk": 35,
        "fields": {
            "disease": 17,
            "type_name": "\u71e5\u70ed\u4fbf\u79d8",
            "add_prescription": [
                12,
                19,
                20,
                36,
                50,
                63
            ],
            "typing_symptoms": [
                80,
                81,
                82,
                83,
                84
            ]
        }
    },
    {
        "model": "disease.diseasetyping",
        "pk": 36,
        "fields": {
            "disease": 17,
            "type_name": "\u6c14\u6ede\u4fbf\u79d8",
            "add_prescription": [
                19,
                49,
                50,
                63
            ],
            "typing_symptoms": [
                85,
                86,
                87,
                88
            ]
        }
    },
    {
        "model": "disease.diseasetyping",
        "pk": 37,
        "fields": {
            "disease": 17,
            "type_name": "\u6c14\u865a\u4fbf\u79d8",
            "add_prescription": [
                9,
                16,
                21,
                24,
                41,
                59
            ],
            "typing_symptoms": [
                89,
                90
            ]
        }
    },
    {
        "model": "disease.diseasetyping",
        "pk": 38,
        "fields": {
            "disease": 17,
            "type_name": "\u8840\u865a\u4fbf\u79d8",
            "add_prescription": [
                19,
                20,
                28,
                49,
                50,
                63
            ],
            "typing_symptoms": [
                91,
                92
            ]
        }
    },
    {
        "model": "disease.diseasetyping",
        "pk": 39,
        "fields": {
            "disease": 18,
            "type_name": "\u60ca\u5413",
            "add_prescription": [
                38,
                39
            ],
            "typing_symptoms": [
                93,
                94,
                95
            ]
        }
    },
    {
        "model": "disease.diseasetyping",
        "pk": 40,
        "fields": {
            "disease": 18,
            "type_name": "\u813e\u5bd2\u8005",
            "add_prescription": [
                16,
                19,
                38,
                43
            ],
            "typing_symptoms": [
                96,
                97,
                98,
                99,
                100,
                101
            ]
        }
    },
    {
        "model": "disease.diseasetyping",
        "pk": 41,
        "fields": {
            "disease": 18,
            "type_name": "\u5fc3\u70ed\u8005",
            "add_prescription": [
                12,
                38,
                49
            ],
            "typing_symptoms": [
                102,
                103,
                104,
                105,
                106
            ]
        }
    },
    {
        "model": "index.lunbo",
        "pk": 4,
        "fields": {
            "title": null,
            "img": "img/1621086291929563.jpg"
        }
    },
    {
        "model": "index.lunbo",
        "pk": 5,
        "fields": {
            "title": null,
            "img": "img/215620924401417147.jpg"
        }
    },
    {
        "model": "index.lunbo",
        "pk": 6,
        "fields": {
            "title": null,
            "img": "img/116819277677065885.jpg"
        }
    },
    {
        "model": "index.index",
        "pk": 2,
        "fields": {
            "title": "\u4e2d\u533b\u79d1\u7b80\u4ecb",
            "img": "img/1621086291929563_VXtUgTZ.jpg",
            "summary": "<p style=\"\">\u5927\u8fde\u5987\u5e7c\u4fdd\u5065\u9662\u4e2d\u533b\u79d1\u5728\u4e0a\u7ea7\u9886\u5bfc\u7684\u5173\u6000\u548c\u652f\u6301\u4e0b\uff0c\u79c9\u627f\u201c\u7cbe\u52e4\u3001\u81ea\u7701\u3001\u8d28\u4f18\u3001\u548c\u8c10\u201d\u53d1\u5c55\u7406\u5ff5\uff0c\u76ee\u524d\u4e3a\u5927\u8fde\u5e02\u4e8c\u7ea7\u91cd\u70b9\u5b66\u79d1\u3001\u8fbd\u5b81\u7701\u7efc\u5408\u533b\u9662\u5987\u5e7c\u4fdd\u5065\u673a\u6784\u4e2d\u533b\u836f\u5de5\u4f5c\u793a\u8303\u5355\u4f4d\uff0c\u4e2d\u533b\u79d1\u62e5\u6709\u95e8\u8bca\u53ca\u4f4f\u9662\u90e8\u4e24\u5927\u677f\u5757\uff0c\u914d\u6709\u591a\u5c42\u6b21\u533b\u7597\u8d44\u6e90\u3002\u4e2d\u533b\u95e8\u8bca\u5145\u5206\u53d1\u6325\u4e2d\u533b\u7279\u8272\uff0c\u8fd0\u7528\u4e2d\u533b\u4e2d\u836f\u3001\u9488\u7078\u63a8\u62ff\u7b49\u591a\u79cd\u7279\u8272\u624b\u6bb5\u8c03\u6574\u4eba\u4f53\u5185\u73af\u5883\uff0c\u8fbe\u5230\u6cbb\u75c5\u6551\u4eba\u7684\u76ee\u7684\uff0c\u5987\u5973\u548c\u513f\u7ae5\u662f\u6211\u4eec\u56fd\u5bb6\u7684\u5e0c\u671b\uff0c\u4e3a\u4e86\u66f4\u597d\u53d1\u5c55\u4e2d\u533b\u4e8b\u4e1a\u53ca\u89e3\u9664\u5e7f\u5927\u7fa4\u4f17\u7684\u75c5\u75db\uff0c\u5728\u4fdd\u7559\u603b\u9662\u4e8c\u697c\u4e2d\u533b\u95e8\u8bca\u7684\u57fa\u7840\u4e0a\uff0c\u5728\u957f\u6c5f\u8def\u5206\u90e8\u5f00\u8bbe\u4e2d\u533b\u5987\u79d1\u3001\u4e2d\u533b\u513f\u79d1\uff0c\u76ae\u80a4\u3001\u7f8e\u5bb9\u95e8\u8bca\u4ee5\u53ca\u4e2d\u897f\u533b\u7ed3\u5408\u4ea7\u540e\u5eb7\u590d\u4e2d\u5fc3\u3002\u5f00\u5c55\u76c6\u5e95\u5eb7\u590d\u3001\u4e2d\u836f\u3001\u9488\u7078\u3001\u63a8\u62ff\u3001\u706b\u7f50\u3001\u522e\u75e7\u3001\u6307\u538b\u901a\u4e73\u3001\u836f\u6d74\u3001\u827e\u7078\u3001\u7763\u7078\u3001\u6fc0\u5149\u7f8e\u5bb9\u3001\u5149\u5b50\u5ae9\u80a4\u3001\u79c1\u5bc6\u7f8e\u5bb9\u3001\u6fc0\u5149\u6cbb\u7597\u598a\u5a20\u7eb9\u7b4930\u4f59\u79cd\u4e2d\u897f\u533b\u670d\u52a1\u9879\u76ee\u3002\u5728\u9662\u9886\u5bfc\u652f\u6301\u4e0b\u4e2d\u533b\u79d1\u9010\u6e10\u5f62\u6210\u591a\u5b66\u79d1\u4ea4\u53c9\u3001\u6574\u5408\u533b\u7597\u7684\u56e2\u961f\uff0c\u73b0\u5728\u4e2d\u533b\u79d1\u914d\u5957\u8bbe\u65bd\u5b8c\u5584\u3001\u6709\u4e13\u4e1a\u533b\u62a4\u56e2\u961f\uff0c\u5145\u5206\u7ee7\u627f\u3001\u53d1\u6325\u4e2d\u533b\u4f20\u7edf\u4f18\u52bf\uff0c\u7ed3\u5408\u73b0\u4ee3\u533b\u5b66\u624b\u6bb5\uff0c\u5c06\u4e2d\u533b\u79d1\u6253\u9020\u6210\u7cbe\u82f1\u79d1\u5ba4\uff0c\u4e2d\u533b\u79d1\u5c06\u4e0d\u65ad\u63d0\u5347\u7efc\u5408\u5b9e\u529b\uff0c\u529b\u4e89\u5c06\u672c\u79d1\u5ba4\u5efa\u8bbe\u672c\u9662\u7684\u6210\u7279\u8272\u79d1\u5ba4\u3002<br></p><p style=\"\"><img alt=\"527887681957676336.jpg\" src=\"https://lab.zxh326.cn/media/uploads/2018/12/07/527887681957676336_yI868zC.jpg\" width=\"300\" height=\"200\"><br></p>"
        }
    },
    {
        "model": "index.index",
        "pk": 3,
        "fields": {
            "title": "\u5c0f\u513f\u63a8\u62ff\u75c5\u4f53\u540c\u8c03",
            "img": "img/116819277677065885_Ya1smcX.jpg",
            "summary": "<p>\u9762\u5bf9\u5c0f\u513f\u4f53\u8d28\u5f31\u4e00\u751f\u75c5\u4f60\u662f\u600e\u4e48\u505a\u7684\uff1f\u6253\u9488\u5403\u836f\uff1f\u60a8\u662f\u5426\u53d1\u73b0\u5b69\u5b50\u4f53\u8d28\u8d8a\u6765\u8d8a\u5dee\u3002\u611f\u5192\u3001\u54b3\u55fd\u3001\u9f3b\u708e\u3001\u6162\u6027\u652f\u6c14\u7ba1\u708e\u3001\u538c\u98df\u3001\u8179\u6cfb\u2026\u2026\u9762\u5bf9\u79cd\u79cd\u5c0f\u513f\u9891\u53d1\u75be\u75c5\uff0c\u5927\u8fde\u5987\u5e7c\u4fdd\u5065\u4e2d\u533b\u79d1\u4e3a\u60a8\u6392\u5fe7\u89e3\u96be\u2014\u2014\u901a\u8fc7\u5c0f\u513f\u63a8\u62ff\u4ee5\u6307\u4ee3\u9488\u3001\u4ee5\u624b\u4ee3\u836f\uff0c\u75c5\u4f53\u540c\u8c03\uff0c\u629a\u5e73\u5b69\u5b50\u7684\u75c5\u75db\uff0c\u589e\u5f3a\u4f53\u8d28\u3002                          \u4ec0\u4e48\u662f\u5c0f\u513f\u63a8\u62ff\u5c0f\u513f\u63a8\u62ff\u662f\u4e2d\u533b\u5916\u6cbb\u6cd5\u7684\u4e00\u79cd\u3002\u5728\u4e2d\u56fd\u53e4\u4ee3\u5c31\u6709\u76f8\u5173\u8bb0\u8f7d\uff0c\u5728\u660e\u4ee3\u5f62\u6210\u4e86\u5176\u72ec\u7279\u7684\u7406\u8bba\u4f53\u7cfb\u3002\u533b\u751f\u6839\u636e\u5c0f\u513f\u751f\u7406\u3001\u75c5\u7406\u7684\u7279\u70b9\u3002\u901a\u8fc7\u63a8\u62ff\u5c0f\u513f\u7279\u5b9a\u7684\u7a74\u4f4d\u6765\u8fbe\u5230\u6cbb\u75c5\u3001\u9632\u75c5\u7684\u6548\u679c\u3002\u4e0d\u5403\u836f\u3001\u4e0d\u6253\u9488\uff0c\u5b89\u5168\u3001\u7a33\u5f53\uff0c\u65e0\u526f\u4f5c\u7528\u3002\u5c0f\u513f\u63a8\u62ff\u7597\u6548\u663e\u8457\u8c03\u7406\u8303\u56f4\u7ba1\uff0c\u56e0\u4e3a\u513f\u7ae5\u63a5\u53d7\u3002\u4e00\u822c\u516d\u5468\u5c81\u4ee5\u4e0b\u7684\u513f\u7ae5\u5747\u53ef\u3002\u73b0\u4ee3\u7814\u7a76\u8868\u660e70%\u7684\u513f\u79d1\u75be\u75c5\u53ef\u4ee5\u91c7\u7528\u5c0f\u513f\u63a8\u62ff\u6765\u6cbb\u7597\uff1b30%\u7684\u513f\u79d1\u75be\u75c5\uff0c\u91c7\u7528\u5c0f\u513f\u63a8\u62ff\u6cbb\u7597\u6548\u679c\u6bd4\u8f83\u597d\uff1b10%\u7684\u513f\u79d1\u75be\u75c5\u5b9d\u63a8\u62ff\u662f\u9996\u9009\u7684\u6cbb\u7597\u65b9\u6cd5\uff1b\u7ea6\u670980%\u7684\u5b69\u5b50\u9700\u8981\u4f9d\u9760\u5c0f\u513f\u63a8\u62ff\u4f5c\u4e3a\u65e5\u5e38\u8c03\u7406\u6765\u589e\u5f3a\u4f53\u8d28\u3002                          \u5c0f\u513f\u63a8\u62ff\u7684\u529f\u6548\t\u5e73\u8861\u9634\u9633\uff0c\u8c03\u548c\u810f\u8151\uff0c\u758f\u901a\u7ecf\u7edc\uff0c\u884c\u6c14\u6d3b\u8840\uff0c\u6276\u6b63\u795b\u90aa\uff1b\t\u672a\u75c5\u5148\u9632\u589e\u5f3a\u513f\u7ae5\u4f53\u8d28\u3001\u63d0\u9ad8\u513f\u7ae5\u514d\u75ab\u529b\u3002&nbsp; &nbsp; &nbsp; </p>"
        }
    },
    {
        "model": "index.index",
        "pk": 4,
        "fields": {
            "title": "\u5c0f\u513f\u63a8\u62ff",
            "img": "img/215620924401417147_kqZDB55.jpg",
            "summary": "<p>\u660e\u4ee3\u540d\u533b\u4e07\u5168\uff0c\u6839\u636e\u94b1\u4e59\u300a\u5c0f\u513f\u836f\u8bc1\u76f4\u51b3\u300b\u63d0\u51fa\u201c\u809d\u5e38\u6709\u4f59\uff0c\u813e\u5e38\u4e0d\u8db3\uff0c\u80be\u5e38\u865a\uff0c\u5fc3\u5e38\u6709\u4f59\uff0c\u80ba\u5e38\u4e0d\u8db3\u201d\u3002\u813e\u4e3a\u540e\u5929\u4e4b\u672c\uff0c\u751f\u5316\u4e4b\u6e90\uff0c\u53d1\u80b2\u8fc5\u901f\uff0c\u4e14\u810f\u8151\u673a\u80fd\u4e0d\u8db3\uff0c\u52a0\u4e4b\u5582\u517b\u4e0d\u5f53\uff0c\u813e\u80c3\u529f\u80fd\u53d7\u635f\uff0c\u6613\u51fa\u73b0\u813e\u80c3\u75be\u75c5\uff0c\u518d\u8005\u809d\u5e38\u6709\u4f59\uff0c\u813e\u6613\u53d7\u514b\uff0c\u56e0\u6b64\u5c0f\u513f\u813e\u5e38\u4e0d\u8db3\uff0c\u6545\u5c0f\u513f\u51fa\u73b0\u6d88\u5316\u7cfb\u7edf\u75be\u75c5\u3002\u809d\u4e3b\u4eba\u4f53\u751f\u53d1\u4e4b\u6c14\uff0c\u5c0f\u513f\u751f\u673a\u84ec\u52c3\uff0c\u9633\u5e38\u6709\u4f59\uff0c\u809d\u9633\u65fa\uff0c\u809d\u98ce\u6613\u52a8\uff0c\u6545\u6709\u201c\u809d\u5e38\u6709\u4f59\u201d\u7684\u751f\u7406\u7279\u70b9\uff0c\u4e3b\u8981\u662f\u6307\u5c0f\u513f\u65f6\u671f\u809d\u4e3b\u758f\u6cc4\uff0c\u5176\u6027\u521a\u800c\u4e0d\u67d4\uff0c\u5e76\u4e0d\u662f\u6307\u5c0f\u513f\u201c\u809d\u9633\u4ea2\u76db\u201d\uff0c\u5c0f\u513f\u80be\u5e38\u865a\u3001\u813e\u5e38\u4e0d\u8db3\uff0c\u809d\u65e0\u4ee5\u6ecb\u751f\uff0c\u5c0f\u513f\u75c5\u7406\u4e0a\u5bb9\u6613\u51fa\u73b0\u809d\u706b\u4e0a\u708e\u3001\u809d\u98ce\u5185\u52a8\u7b49\u5b9e\u8bc1\u4e0e\u865a\u8bc1\u3002\u6240\u8c13\u5fc3\u5e38\u6709\u4f59\uff0c\u5fc3\u706b\u6613\u708e\u7684\u751f\u7406\u72b6\u6001\u3002\u5fc3\u4e4b\u201c\u6709\u4f59\u201d\u53c8\u662f\u76f8\u5bf9\u7684\u3001\u7a1a\u5f31\u7684\uff0c\u810f\u8151\u5a07\u5ae9\u3001\u5f62\u6c14\u672a\u5145\uff0c\u5fc3\u4ea6\u4e0d\u4f8b\u5916\uff0c\u5c0f\u513f\u751f\u957f\u53d1\u80b2\u8fc7\u7a0b\u4e2d\uff0c\u5fc3\u4ea6\u662f\u4ece\u65e0\u5230\u6709\u3001\u4ece\u5c0f\u5230\u5927\uff0c\u5728\u5c0f\u513f\u9636\u6bb5\u5fc3\u4ea6\u672a\u5b8c\u5584\u6210\u719f\uff0c\u5c0f\u513f\u201c\u5fc3\u5e38\u6709\u4f59\u201d\u7684\u751f\u7406\u7279\u70b9\uff0c\u4e5f\u9884\u793a\u7740\u5c0f\u513f\u75c5\u7406\u4e0a\u5bb9\u6613\u51fa\u73b0\u5fc3\u706b\u4ea2\u76db\u3001\u5fc3\u706b\u4e0a\u708e\u7684\u8bc1\u5019\u3002\u80ba\u4e3a\u534e\u76d6\uff0c\u5916\u5408\u76ae\u6bdb\uff0c\u5f00\u7a8d\u4e8e\u9f3b\uff0c\u5c0f\u513f\u80ba\u810f\u5a07\u5f31\uff0c\u808c\u80a4\u4e0d\u5bc6\uff0c\u536b\u5916\u4e0d\u56fa\uff0c\u6545\u6709\u201c\u80ba\u5e38\u4e0d\u8db3\u201d\u4e4b\u8bf4\uff0c\u5c0f\u513f\u201c\u80ba\u5e38\u4e0d\u8db3\u201d\u7684\u751f\u7406\u7279\u70b9\uff0c\u540c\u65f6\u9884\u793a\u7740\u5c0f\u513f\u75c5\u7406\u4e0a\u5bb9\u6613\u51fa\u73b0\u611f\u5192\u3001\u54b3\u55fd\u3001\u80ba\u708e\u5598\u55fd\u7b49\u80ba\u7cfb\u75be\u60a3\u3002\u5c0f\u513f\u53e6\u4e00\u4e2a\u751f\u7406\u7279\u70b9\u201c\u7a1a\u9634\u7a1a\u9633\u201d\uff0c\u4eba\u4f53\u4e4b\u9634\u9633\uff0c\u53ea\u6709\u5728\u5e73\u8861\u4e2d\u624d\u80fd\u7ef4\u7cfb\u751f\u547d\u6d3b\u52a8\u7684\u6b63\u5e38\uff0c\u6b63\u6240\u8c13\u201c\u9634\u5e73\u9633\u79d8\uff0c\u7cbe\u795e\u4e43\u6cbb\u201d\uff0c\u4f46\u5e73\u8861\u662f\u76f8\u5bf9\u7684\uff0c\u4e0d\u5e73\u8861\u662f\u7edd\u5bf9\u7684\uff0c\u5c0f\u513f\u4e4b\u9634\u9633\uff0c\u7a1a\u5f31\u3001\u4e0d\u5b8c\u5584\u662f\u5176\u5171\u540c\u7279\u5f81\uff0c\u4f46\u9634\u9633\u7684\u7a1a\u5f31\u3001\u4e0d\u5b8c\u5584\u53c8\u662f\u4e0d\u5747\u8861\u7684\uff0c\u9634\u7a1a\u5c24\u751a\u800c\u9633\u7a1a\u7a0d\u900a\uff0c\u9633\u5f3a\u9634\u5f31\u662f\u5c0f\u513f\u9634\u9633\u7684\u53c8\u4e00\u7279\u5f81\uff0c\u5373\u6240\u8c13\u5c0f\u513f\u201c\u9633\u5e38\u6709\u4f59\uff0c\u9634\u5e38\u4e0d\u8db3\u201d\u3002\u5c0f\u513f\u7eaf\u9633\u4e4b\u4f53\uff0c\u6d3b\u6cfc\u597d\u52a8\uff0c\u5fc3\u8df3\u3001\u8109\u606f\u8f83\u6570\uff0c\u5f97\u75c5\u4ece\u9633\u8bc1\u3001\u70ed\u8bc1\u8f6c\u5316\uff1b\u5c0f\u513f\u751f\u957f\u65fa\u76db\uff0c\u8425\u517b\u7269\u8d28\u76f8\u5bf9\u4e0d\u8db3\uff0c\u7cbe\u3001\u8840\u3001\u6d25\u3001\u6db2\u7b49\u5e38\u56e0\u673a\u4f53\u7684\u9700\u8981\u53ca\u70ed\u8bc1\u7684\u6d88\u8017\uff0c\u800c\u8868\u73b0\u4e0d\u8db3\uff0c\u56e0\u800c\u4ea7\u751f\u4e86\u5c0f\u513f\u201c\u9633\u5e38\u6709\u4f59\uff0c\u9634\u5e38\u4e0d\u8db3\u201d\u7684\u4f53\u8d28\u72b6\u6001\u3002\u5982\u679c\u5c0f\u513f\u8c03\u62a4\u5582\u517b\u5f97\u5f53\uff0c\u53ef\u987a\u5229\u6210\u957f\uff0c\u5c11\u5f97\u75be\u75c5\uff0c\u4f46\u662f\u82e5\u5c0f\u513f\u5148\u5929\u4e0d\u8db3\uff0c\u52a0\u4e4b\u540e\u5929\u5931\u517b\uff0c\u75be\u75c5\u5c06\u4f1a\u4f34\u968f\u513f\u7ae5\u7684\u6210\u957f\uff0c\u8fd9\u5c31\u9700\u8981\u6211\u4eec\u540e\u5929\u7684\u5e72\u9884\uff0c\u6211\u4eec\u4e3b\u8981\u91c7\u7528\u5916\u6cbb\u800c\u8fbe\u5230\u5185\u8c03\u7684\u65b9\u5f0f\uff0c\u6211\u4eec\u5eb7\u590d\u4e2d\u5fc3\u5728\u51fa\u751f\u4e4b\u65f6\u5c31\u5bf9\u5a74\u513f\u8fdb\u884c\u629a\u89e6\u6cbb\u7597\uff0c\u8fd9\u53ef\u589e\u8fdb\u4eb2\u5b50\u60c5\u8c0a\uff0c\u73b0\u5728\u7684\u53cc\u85aa\u5bb6\u5ead\u548c\u5c0f\u5bb6\u5ead\u975e\u5e38\u666e\u53ca\uff0c\u4eb2\u5b50\u4e4b\u95f4\u7684\u4e92\u52a8\u660e\u663e\u51cf\u5c11\uff0c\u66ff\u5b9d\u5b9d\u6309\u6469\u662f\u975e\u5e38\u6109\u5feb\u7684\u7ecf\u9a8c\uff0c\u611f\u89c9\u5b69\u5b50\u4e5f\u5f88\u559c\u6b22\uff0c\u6bcf\u5929\u5341\u5230\u4e8c\u5341\u5206\u949f\u89e6\u6478\u5b9d\u5b9d\u7684\u808c\u80a4\uff0c\u662f\u589e\u8fdb\u4eb2\u5b50\u60c5\u8c0a\u6700\u597d\u7684\u65b9\u5f0f\u3002\u5e2e\u52a9\u7761\u7720\u54c1\u8d28\uff0c\u5bb6\u957f\u6bcf\u6bcf\u4e3a\u591c\u557c\u90ce\u7684\u56f0\u6270\uff0c\u65b0\u751f\u513f\u5e38\u6709\u7761\u7720\u5468\u671f\u4e0d\u56fa\u5b9a\u3001\u591c\u665a\u5bb9\u6613\u60ca\u9192\u7684\u60c5\u51b5\uff0c\u7ecf\u5404\u9879\u533b\u5b66\u7814\u7a76\u53d1\u73b0\uff0c\u8fd9\u4e9b\u56f0\u6270\u90fd\u53ef\u4ee5\u501f\u7531\u5a74\u513f\u629a\u89e6\u548c\u6309\u6469\u83b7\u5f97\u6709\u6548\u7684\u6539\u5584\uff0c\u901a\u8fc7\u5bf9\u5a74\u513f\u7684\u89e6\u6478\uff0c\u5e2e\u52a9\u5a74\u513f\u5efa\u7acb\u7761\u7720\u5468\u671f\uff0c\u8c03\u8282\u65e5\u591c\u5468\u671f\u6027\u97f5\u5f8b\u3002\u4fc3\u8fdb\u80a0\u80c3\u8815\u52a8\u5b9d\u5b9d\u5582\u5976\u540e\u5e38\u89c1\u7684\u8179\u80c0\u3001\u6253\u55dd\u7684\u73b0\u8c61\uff0c\u4f20\u7edf\u65b9\u5f0f\u5e38\u4ee5\u624b\u62cd\u80cc\u90e8\u4e8c\u5341\u5230\u4e09\u5341\u5206\u949f\u8212\u7f13\uff0c\u4f46\u7814\u7a76\u53d1\u73b0\uff0c\u5982\u679c\u5bf9\u5b9d\u5b9d\u4f5c\u8179\u90e8\u6309\u6469\u7ea6\u4e09\u5230\u4e94\u5206\u949f\uff0c\u4ee5\u987a\u65f6\u949f\u65b9\u5411\u3001\u4e0e\u80a0\u80c3\u6d88\u5316\u65b9\u5411\u4e00\u81f4\uff0c\u6709\u52a9\u4e8e\u5b9d\u5b9d\u7684\u80a0\u80c3\u8815\u52a8\uff0c\u6bd4\u4f20\u7edf\u62cd\u80cc\u7684\u65b9\u5f0f\u66f4\u4e3a\u6709\u6548\u3002\u6709\u52a9\u60c5\u7eea\u7a33\u5b9a\u5b9d\u5b9d\u8111\u90e8\u7684\u53d1\u5c55\u5728\u80ce\u513f\u671f\u65e9\u5df2\u5f00\u59cb\uff0c\u89e6\u89c9\u5219\u662f\u6700\u65e9\u53d1\u5c55\u7684\u611f\u89c9\u5668\u5b98\uff0c\u80ce\u513f\u5728\u5988\u5988\u809a\u4e2d\u65f6\u5df2\u4f1a\u5438\u542e\u624b\u6307\uff0c\u5982\u679c\u6bcd\u4eb2\u6709\u4e25\u91cd\u7684\u538b\u529b\u56f0\u6270\uff0c\u80ce\u513f\u5438\u624b\u6307\u7684\u6bd4\u7387\u4f1a\u589e\u9ad8\uff0c\u80ce\u513f\u660e\u663e\u501f\u7531\u5438\u624b\u6307\u7684\u808c\u80a4\u89e6\u89c9\uff0c\u8212\u7f13\u548c\u51cf\u8f7b\u81ea\u5df1\u7684\u538b\u529b\u3002\u89e6\u6478\u6309\u6469\u53ef\u4ee5\u523a\u6fc0\u795e\u7ecf\u672b\u68a2\u7684\u611f\u53d7\u5668\uff0c\u5f15\u8d77\u795e\u7ecf\u51b2\u52a8\uff0c\u7ecf\u7531\u810a\u9ad3\u4f20\u5230\u8111\u90e8\uff0c\u8ba9\u4eba\u4ea7\u751f\u677e\u5f1b\u8212\u7545\u7684\u611f\u53d7\uff0c\u6240\u4ee5\u901a\u8fc7\u89e6\u6478\uff0c\u4e0d\u4f46\u53ef\u4ee5\u523a\u6fc0\u5b69\u5b50\u7684\u611f\u89c9\u5668\u5b98\uff0c\u66f4\u80fd\u591f\u8c03\u8282\u60c5\u7eea\u53cd\u5e94\uff0c\u8fbe\u5230\u5e73\u8861\u72b6\u6001\u3002\u523a\u6fc0\u542c\u89c9\u89c6\u89c9\u7236\u6bcd\u4eb2\u5728\u89e6\u6478\u5b69\u5b50\u65f6\uff0c\u9664\u4e86\u808c\u80a4\u7684\u611f\u89c9\u4e4b\u5916\uff0c\u53ef\u4ee5\u548c\u5b69\u5b50\u8bf4\u8bdd\u6216\u5531\u6b4c\u7ed9\u5b69\u5b50\u542c\uff0c\u5b9d\u5b9d\u5728\u611f\u53d7\u629a\u89e6\u7684\u6109\u60a6\u65f6\uff0c\u4e5f\u80fd\u591f\u4e13\u6ce8\u8046\u542c\u548c\u89c2\u5bdf\u7236\u6bcd\u7684\u8868\u60c5\u58f0\u97f3\uff0c\u540c\u65f6\u63a5\u89e6\u5230\u542c\u89c9\u548c\u89c6\u89c9\u7684\u523a\u6fc0\u3002\u9664\u8fd9\u79cd\u5bb6\u5ead\u5e72\u9884\uff0c\u6211\u4eec\u53ef\u91c7\u7528\u5c0f\u513f\u63a8\u62ff\u65b9\u5f0f\u8fdb\u884c\u810f\u8151\u673a\u80fd\u7684\u8c03\u6574\uff0c\u8fd9\u5c31\u9700\u8981\u4e13\u4e1a\u533b\u7597\u56e2\u961f\u3002\u5c0f\u513f\u63a8\u62ff\u6cbb\u7597\u75be\u75c5\u6709\u7740\u60a0\u4e45\u7684\u5386\u53f2\uff0c\u59821973\u5e74\u957f\u6c99\u9a6c\u738b\u5806\u897f\u6c49\u53e4\u5893\u51fa\u571f\u7684\u533b\u5b66\u5e1b\u4e66\u300a\u4e94\u5341\u4e8c\u75c5\u65b9\u300b\u4e2d\u5c31\u8bb0\u8f7d\u4e86\u53e4\u4ee3\u4ee5\u52fa\u5319\u8fb9\u6469\u62ed\u75c5\u53d8\u90e8\u4f4d\u6cbb\u7597\u5c0f\u513f\u62bd\u6410\u7684\u63a8\u62ff\u6cbb\u6cd5\uff0c\u6240\u4ee5\u5c0f\u513f\u65e9\u5c31\u6210\u4e3a\u4e00\u79cd\u72ec\u7279\u7684\u6cbb\u7597\u65b9\u6cd5\uff0c\u660e\u4ee3\u533b\u5bb6\u9f9a\u5c45\u4e2d\u5728\u300a\u5e7c\u79d1\u767e\u6548\u5168\u4e66\u30fb\u5e8f\u300b\u4e2d\u8bf4\uff1a\u201c\u4f59\u5bb6\u5ead\u6388\u53d7\u7597\u7537\u5987\u4e4b\u6cd5\uff0c\u5947\u6b63\u4e0d\u4e00\u3002\u72ec\u5c0f\u513f\u63a8\u62ff\uff0c\u5c24\u5f97\u5176\u4f20\uff0c\u8f6c\u5173\u547c\u5438\uff0c\u77ac\u606f\u56de\u6625\uff0c\u4e00\u6307\u53ef\u8d24\u4e8e\u5341\u4e07\u5e08\u77e3\u3002\u201d\u5c0f\u513f\u63a8\u62ff\u662f\u5728\u957f\u671f\u7684\u533b\u7597\u5b9e\u8df5\u4e2d\u79ef\u5f62\u6210\u7684\u72ec\u7acb\u5b66\u79d1\uff0c\u5e76\u79ef\u7d2f\u4e86\u4e30\u5bcc\u7684\u8bca\u5bdf\u75be\u75c5\u548c\u6cbb\u7597\u64cd\u4f5c\u7b49\u65b9\u9762\u7684\u7ecf\u9a8c\uff0c\u8fd1\u4ee3\u5b9e\u9a8c\u89c2\u5bdf\u8868\u660e\uff0c\u629a\u6478\u662f\u4eba\u4f53\u5c24\u5176\u662f\u5c0f\u513f\u4e0d\u53ef\u7f3a\u5c11\u7684\u826f\u6027\u523a\u6fc0\uff0c\u5982\u5bf9\u65e9\u4ea7\u513f\u8fdb\u884c\u89e6\u6478\u548c\u62cd\u6253\uff0c\u53ef\u4f7f\u4ed6\u4eec\u7684\u751f\u957f\u660e\u663e\u589e\u5feb\uff0c\u4ee5\u540e\u4e5f\u53ef\u4ee5\u5c11\u60a3\u75be\u75c5\uff0c\u8fd9\u79cd\u523a\u6fc0\u65b9\u5f0f\u4e0e\u7ecf\u7edc\u8167\u7a74\u7ed3\u5408\u8d77\u6765\uff0c\u66f4\u80fd\u53d1\u6325\u5176\u7279\u6b8a\u7684\u6548\u80fd\u3002\u5982\u201c\u63a8\u813e\u7ecf\u201d\u80fd\u8c03\u6574\u80c3\u80a0\u8815\u52a8\u548c\u80c3\u6db2\u7684\u5206\u6ccc\uff0c\u201c\u63a8\u4e09\u5173\u201d\u548c\u201c\u63a8\u516d\u8151\u201d\u80fd\u8c03\u8282\u4eba\u4f53\u7684\u4f53\u6e29\u7b49\u3002\u7531\u4e8e\u5c0f\u513f\u63a8\u62ff\u7597\u6cd5\u5177\u6709\u65b9\u4fbf\u6613\u884c\uff0c\u7597\u6548\u663e\u8457\u7b49\u7279\u70b9\uff0c\u800c\u4e14\u4e0d\u53d7\u8bbe\u5907\u3001\u533b\u7597\u6761\u4ef6\u7684\u9650\u5236\uff0c\u60a3\u513f\u53c8\u53ef\u514d\u9664\u6253\u9488\u670d\u836f\u4e4b\u75db\u82e6\uff0c\u56e0\u6b64\u6df1\u53d7\u60a3\u513f\u53ca\u5176\u5bb6\u5c5e\u7684\u6b22\u8fce\uff0c\u6210\u4e3a\u4e2d\u533b\u513f\u79d1\u6cbb\u7597\u7684\u4e00\u4e2a\u9887\u5177\u7279\u8272\u7684\u5e38\u89c4\u7597\u6cd5\u3002\u5bf9\u5b69\u5b50\u8fdb\u884c\u4e0a\u8ff0\u64cd\u4f5c\u5e76\u975e\u5728\u51fa\u73b0\u75be\u75c5\u65f6\u8fdb\u884c\u6cbb\u7597\uff0c\u53ef\u4ee5\u8fdb\u884c\u65e9\u671f\u5e72\u9884\uff0c\u4f53\u73b0\u201c\u6cbb\u672a\u75c5\u201d\u7684\u601d\u60f3\u3002<br></p>"
        }
    },
    {
        "model": "index.index",
        "pk": 5,
        "fields": {
            "title": "\u4e2d\u533b\u79d1\u7b80\u4ecb",
            "img": "img/411466581154127001.jpg",
            "summary": "<ul></ul><p style=\"margin-left: 40px;\"><span style=\"font-size: 0.75em;\">\u5927\u8fde\u5987\u5e7c\u4fdd\u5065\u9662\u4e2d\u533b\u79d1\u5728\u4e0a\u7ea7\u9886\u5bfc\u7684\u5173\u6000\u548c\u652f\u6301\u4e0b\uff0c\u79c9\u627f\u201c\u7cbe\u52e4\u3001\u81ea\u7701\u3001\u8d28\u4f18\u3001\u548c\u8c10\u201d\u53d1\u5c55\u7406\u5ff5\uff0c\u76ee\u524d\u4e3a\u5927\u8fde\u5e02\u4e8c\u7ea7\u91cd\u70b9\u5b66\u79d1\u3001\u8fbd\u5b81\u7701\u7efc\u5408\u533b\u9662\u5987\u5e7c\u4fdd\u5065\u673a\u6784\u4e2d\u533b\u836f\u5de5\u4f5c\u793a\u8303\u5355\u4f4d\uff0c\u4e2d\u533b\u79d1\u62e5\u6709\u95e8\u8bca\u53ca\u4f4f\u9662\u90e8\u4e24\u5927\u677f\u5757\uff0c\u914d\u6709\u591a\u5c42\u6b21\u533b\u7597\u8d44\u6e90\u3002</span></p><p style=\"margin-left: 40px;\"><span style=\"font-size: 0.75em;\">\u4e2d\u533b\u95e8\u8bca\u5145\u5206\u53d1\u6325\u4e2d\u533b\u7279\u8272\uff0c\u8fd0\u7528\u4e2d\u533b\u4e2d\u836f\u3001\u9488\u7078\u63a8\u62ff\u7b49\u591a\u79cd\u7279\u8272\u624b\u6bb5\u8c03\u6574\u4eba\u4f53\u5185\u73af\u5883\uff0c\u8fbe\u5230\u6cbb\u75c5\u6551\u4eba\u7684\u76ee\u7684\uff0c\u5987\u5973\u548c\u513f\u7ae5\u662f\u6211\u4eec\u56fd\u5bb6\u7684\u5e0c\u671b\uff0c\u4e3a\u4e86\u66f4\u597d\u53d1\u5c55\u4e2d\u533b\u4e8b\u4e1a\u53ca\u89e3\u9664\u5e7f\u5927\u7fa4\u4f17\u7684\u75c5\u75db\uff0c\u5728\u4fdd\u7559\u603b\u9662\u4e8c\u697c\u4e2d\u533b\u95e8\u8bca\u7684\u57fa\u7840\u4e0a\uff0c\u5728\u957f\u6c5f\u8def\u5206\u90e8\u5f00\u8bbe\u4e2d\u533b\u5987\u79d1\u3001\u4e2d\u533b\u513f\u79d1\uff0c\u76ae\u80a4\u3001\u7f8e\u5bb9\u95e8\u8bca\u4ee5\u53ca\u4e2d\u897f\u533b\u7ed3\u5408\u4ea7\u540e\u5eb7\u590d\u4e2d\u5fc3\u3002\u5f00\u5c55\u76c6\u5e95\u5eb7\u590d\u3001\u4e2d\u836f\u3001\u9488\u7078\u3001\u63a8\u62ff\u3001\u706b\u7f50\u3001\u522e\u75e7\u3001\u6307\u538b\u901a\u4e73\u3001\u836f\u6d74\u3001\u827e\u7078\u3001\u7763\u7078\u3001\u6fc0\u5149\u7f8e\u5bb9\u3001\u5149\u5b50\u5ae9\u80a4\u3001\u79c1\u5bc6\u7f8e\u5bb9\u3001\u6fc0\u5149\u6cbb\u7597\u598a\u5a20\u7eb9\u7b4930\u4f59\u79cd\u4e2d\u897f\u533b\u670d\u52a1\u9879\u76ee\u3002</span></p><p style=\"margin-left: 40px;\"><span style=\"font-size: 0.75em;\">\u5728\u9662\u9886\u5bfc\u652f\u6301\u4e0b\u4e2d\u533b\u79d1\u9010\u6e10\u5f62\u6210\u591a\u5b66\u79d1\u4ea4\u53c9\u3001\u6574\u5408\u533b\u7597\u7684\u56e2\u961f\uff0c\u73b0\u5728\u4e2d\u533b\u79d1\u914d\u5957\u8bbe\u65bd\u5b8c\u5584\u3001\u6709\u4e13\u4e1a\u533b\u62a4\u56e2\u961f\uff0c\u5145\u5206\u7ee7\u627f\u3001\u53d1\u6325\u4e2d\u533b\u4f20\u7edf\u4f18\u52bf\uff0c\u7ed3\u5408\u73b0\u4ee3\u533b\u5b66\u624b\u6bb5\uff0c\u5c06\u4e2d\u533b\u79d1\u6253\u9020\u6210\u7cbe\u82f1\u79d1\u5ba4\uff0c\u4e2d\u533b\u79d1\u5c06\u4e0d\u65ad\u63d0\u5347\u7efc\u5408\u5b9e\u529b\uff0c\u529b\u4e89\u5c06\u672c\u79d1\u5ba4\u5efa\u8bbe\u672c\u9662\u7684\u6210\u7279\u8272\u79d1\u5ba4\u3002</span></p><ul></ul>"
        }
    },
    {
        "model": "neijing.neijingraw",
        "pk": 1,
        "fields": {
            "title": "\u300a\u7d20\u95ee\u00b7\u4e0a\u53e4\u5929\u771f\u8bba\u7bc7\u7b2c\u4e00\u300b",
            "raw": "\u6614\u5728\u9ec4\u5e1d\uff0c\u751f\u800c\u795e\u7075\uff0c\u5f31\u800c\u80fd\u8a00\uff0c\u5e7c\u800c\u5f87\u9f50\uff0c\u957f\u800c\u6566\u654f\uff0c\u6210\u800c\u767b\u5929\u3002\r\n\u4e43\u95ee\u4e8e\u5929\u5e08\u66f0\uff1a\u4f59\u95fb\u4e0a\u53e4\u4e4b\u4eba\uff0c\u6625\u79cb\u7686\u5ea6\u767e\u5c81\uff0c\u800c\u52a8\u4f5c\u4e0d\u8870\u3002\u4eca\u65f6\u4e4b\u4eba\uff0c\u5e74\u534a\u767e\u800c\u52a8\u4f5c\u7686\u8870\u8005\uff0c\u65f6\u4e16\u5f02\u8036\uff1f\u4eba\u5c06\u5931\u4e4b\u8036\uff1f\r\n\u5c90\u4f2f\u5bf9\u66f0\uff1a\u4e0a\u53e4\u4e4b\u4eba\uff0c\u5176\u77e5\u9053\u8005\uff0c\u6cd5\u4e8e\u9634\u9633\uff0c\u548c\u4e8e\u672f\u6570\uff0c\u98df\u996e\u6709\u8282\uff0c\u8d77\u5c45\u6709\u5e38\uff0c\u4e0d\u5984\u4f5c\u52b3\uff0c\u6545\u80fd\u5f62\u4e0e\u795e\u4ff1\uff0c\u800c\u5c3d\u7ec8\u5176\u5929\u5e74\uff0c\u5ea6\u767e\u5c81\u4e43\u53bb\uff1b\u4eca\u65f6\u4e4b\u4eba\u4e0d\u7136\u4e5f\uff0c\u4ee5\u9152\u4e3a\u6d46\uff0c\u4ee5\u5984\u4e3a\u5e38\uff0c\u9189\u4ee5\u5165\u623f\uff0c\u4ee5\u6b32\u7aed\u5176\u7cbe\uff0c\u4ee5\u8017\u6563\u5176\u771f\uff0c\u4e0d\u77e5\u6301\u6ee1\uff0c\u4e0d\u65f6\u5fa1\u795e\uff0c\u52a1\u5feb\u5176\u5fc3\uff0c\u9006\u4e8e\u751f\u4e50\uff0c\u8d77\u5c45\u65e0\u5e38\uff0c\u6545\u534a\u767e\u800c\u8870\u4e5f\u3002\r\n\u592b\u4e0a\u53e4\u5723\u4eba\u4e4b\u6559\u4e0b\u4e5f\uff0c\u7686\u8c13\u4e4b\u865a\u90aa\u8d3c\u98ce\uff0c\u907f\u4e4b\u6709\u65f6\uff0c\u606c\u61ba\u865a\u65e0\uff0c\u771f\u6c14\u4ece\u4e4b\uff0c\u7cbe\u795e\u5185\u5b88\uff0c\u75c5\u5b89\u4ece\u6765\u3002\u662f\u4ee5\u5fd7\u95f2\u800c\u5c11\u6b32\uff0c\u5fc3\u5b89\u800c\u4e0d\u60e7\uff0c\u5f62\u52b3\u800c\u4e0d\u5026\uff0c\u6c14\u4ece\u4ee5\u987a\uff0c\u5404\u4ece\u5176\u6b32\uff0c\u7686\u5f97\u6240\u613f\u3002\u6545\u7f8e\u5176\u98df\uff0c\u4efb\u5176\u670d\uff0c\u4e50\u5176\u4fd7\u3002\u9ad8\u4e0b\u4e0d\u76f8\u6155\uff0c\u5176\u6c11\u6545\u66f0\u6734\u3002\u662f\u4ee5\u55dc\u6b32\u4e0d\u80fd\u52b3\u5176\u76ee\uff0c\u6deb\u90aa\u4e0d\u80fd\u60d1\u5176\u5fc3\uff0c\u611a\u667a\u8d24\u4e0d\u8096\u4e0d\u60e7\u4e8e\u7269\uff0c\u6545\u5408\u4e8e\u9053\u3002\u6240\u4ee5\u80fd\u5e74\u7686\u5ea6\u767e\u5c81\u800c\u52a8\u4f5c\u4e0d\u8870\u8005\uff0c\u4ee5\u5176\u5fb7\u5168\u4e0d\u5371\u4e5f\u3002\r\n\u5e1d\u66f0\uff1a\u4eba\u5e74\u8001\u800c\u65e0\u5b50\u8005\uff0c\u6750\u529b\u5c3d\u90aa\uff1f\u5c06\u5929\u6570\u7136\u4e5f\uff1f\r\n\u5c90\u4f2f\u66f0\uff1a\u5973\u5b50\u4e03\u5c81\uff0c\u80be\u6c14\u76db\uff0c\u9f7f\u66f4\u53d1\u957f\u3002\u4e8c\u4e03\u800c\u5929\u7678\u81f3\uff0c\u4efb\u8109\u901a\uff0c\u592a\u51b2\u8109\u76db\uff0c\u6708\u4e8b\u4ee5\u65f6\u4e0b\uff0c\u6545\u6709\u5b50\u3002\u4e09\u4e03\uff0c\u80be\u6c14\u5e73\u5747\uff0c\u6545\u771f\u7259\u751f\u800c\u957f\u6781\u3002\u56db\u4e03\uff0c\u7b4b\u9aa8\u575a\uff0c\u53d1\u957f\u6781\uff0c\u8eab\u4f53\u76db\u58ee\u3002\u4e94\u4e03\uff0c\u9633\u660e\u8109\u8870\uff0c\u9762\u59cb\u7126\u3002\u53d1\u59cb\u5815\u3002\u516d\u4e03\uff0c\u4e09\u9633\u8109\u8870\u4e8e\u4e0a\uff0c\u9762\u7686\u7126\uff0c\u53d1\u59cb\u767d\u3002\u4e03\u4e03\uff0c\u4efb\u8109\u865a\uff0c\u592a\u51b2\u8109\u8870\u5c11\uff0c\u5929\u7678\u7aed\uff0c\u5730\u9053\u4e0d\u901a\uff0c\u6545\u5f62\u574f\u800c\u65e0\u5b50\u4e5f\u3002\r\n\u4e08\u592b\u516b\u5c81\uff0c\u80be\u6c14\u5b9e\uff0c\u53d1\u957f\u9f7f\u66f4\u3002\u4e8c\u516b\uff0c\u80be\u6c14\u76db\uff0c\u5929\u7678\u81f3\uff0c\u7cbe\u6c14\u6ea2\u6cfb\uff0c\u9634\u9633\u548c\uff0c\u6545\u80fd\u6709\u5b50\u3002\u4e09\u516b\uff0c\u80be\u6c14\u5e73\u5747\uff0c\u7b4b\u9aa8\u575a\u5f3a\uff0c\u6545\u771f\u7259\u751f\u800c\u957f\u6781\u3002\u56db\u516b\uff0c\u7b4b\u9aa8\u9686\u76db\uff0c\u808c\u8089\u6ee1\u58ee\u3002\u4e94\u516b\uff0c\u80be\u6c14\u8870\uff0c\u53d1\u5815\u9f7f\u69c1\u3002\u516d\u516b\uff0c\u9633\u6c14\u8870\u7aed\u4e8e\u4e0a\uff0c\u9762\u7126\uff0c\u53d1\u9b13\u9881\u767d\u3002\u4e03\u516b\uff0c\u809d\u6c14\u8870\uff0c\u7b4b\u4e0d\u80fd\u52a8\uff0c\u5929\u7678\u7aed\uff0c\u7cbe\u5c11\uff0c\u80be\u810f\u8870\uff0c\u5f62\u4f53\u7686\u6781\u3002\u516b\u516b\uff0c\u5219\u9f7f\u53d1\u53bb\u3002\u80be\u8005\u4e3b\u6c34\uff0c\u53d7\u4e94\u810f\u516d\u8151\u4e4b\u7cbe\u800c\u85cf\u4e4b\uff0c\u6545\u4e94\u810f\u76db\u4e43\u80fd\u6cfb\u3002\u4eca\u4e94\u810f\u7686\u8870\uff0c\u7b4b\u9aa8\u89e3\u5815\uff0c\u5929\u7678\u5c3d\u77e3\uff0c\u6545\u53d1\u9b13\u767d\uff0c\u8eab\u4f53\u91cd\uff0c\u884c\u6b65\u4e0d\u6b63\uff0c\u800c\u65e0\u5b50\u8033\u3002\r\n\u5e1d\u66f0\uff1a\u6709\u5176\u5e74\u5df2\u8001\u800c\u6709\u5b50\u8005\uff0c\u4f55\u4e5f\uff1f\r\n\u5c90\u4f2f\u66f0\uff1a\u6b64\u5176\u5929\u5bff\u8fc7\u5ea6\uff0c\u6c14\u8109\u5e38\u901a\uff0c\u800c\u80be\u6c14\u6709\u4f59\u4e5f\u3002\u6b64\u867d\u6709\u5b50\uff0c\u7537\u4e0d\u8fc7\u5c3d\u516b\u516b\uff0c\u5973\u4e0d\u8fc7\u5c3d\u4e03\u4e03\uff0c\u800c\u5929\u5730\u4e4b\u7cbe\u6c14\u7686\u7aed\u77e3\u3002\r\n\u5e1d\u66f0\uff1a\u592b\u9053\u8005\uff0c\u5e74\u7686\u767e\u6570\uff0c\u80fd\u6709\u5b50\u4e4e\uff1f\r\n\u5c90\u4f2f\u66f0\uff1a\u592b\u9053\u8005\uff0c\u80fd\u5374\u8001\u800c\u5168\u5f62\uff0c\u8eab\u5e74\u867d\u5bff\uff0c\u80fd\u751f\u5b50\u4e5f\u3002\r\n\u9ec4\u5e1d\u66f0\uff1a\u4f59\u95fb\u4e0a\u53e4\u6709\u771f\u4eba\u8005\uff0c\u63d0\u6308\u5929\u5730\uff0c\u628a\u63e1\u9634\u9633\uff0c\u547c\u5438\u7cbe\u6c14\uff0c\u72ec\u7acb\u5b88\u795e\uff0c\u808c\u8089\u82e5\u4e00\uff0c\u6545\u80fd\u5bff\u655d\u5929\u5730\uff0c\u65e0\u6709\u7ec8\u65f6\uff0c\u6b64\u5176\u9053\u751f\u3002\u4e2d\u53e4\u4e4b\u65f6\uff0c\u6709\u81f3\u4eba\u8005\uff0c\u6df3\u5fb7\u5168\u9053\uff0c\u548c\u4e8e\u9634\u9633\uff0c\u8c03\u4e8e\u56db\u65f6\uff0c\u53bb\u4e16\u79bb\u4fd7\uff0c\u79ef\u7cbe\u5168\u795e\uff0c\u6e38\u884c\u5929\u5730\u4e4b\u95f4\uff0c\u89c6\u542c\u516b\u8fbe\u4e4b\u5916\uff0c\u6b64\u76d6\u76ca\u5176\u5bff\u547d\u800c\u5f3a\u8005\u4e5f\u3002\u4ea6\u5f52\u4e8e\u771f\u4eba\u3002\u5176\u6b21\u6709\u5723\u4eba\u8005\uff0c\u5904\u5929\u5730\u4e4b\u548c\uff0c\u4ece\u516b\u98ce\u4e4b\u7406\uff0c\u9002\u55dc\u6b32\u4e8e\u4e16\u4fd7\u4e4b\u95f4\uff0c\u65e0\u605a\u55d4\u4e4b\u5fc3\uff0c\u884c\u4e0d\u6b32\u79bb\u4e8e\u4e16\uff0c\u88ab\u670d\u7ae0\uff0c\u4e3e\u4e0d\u6b32\u89c2\u4e8e\u4fd7\uff0c\u5916\u4e0d\u52b3\u5f62\u4e8e\u4e8b\uff0c\u5185\u65e0\u601d\u60f3\u4e4b\u60a3\uff0c\u4ee5\u606c\u6109\u4e3a\u52a1\uff0c\u4ee5\u81ea\u5f97\u4e3a\u529f\uff0c\u5f62\u4f53\u4e0d\u655d\uff0c\u7cbe\u795e\u4e0d\u6563\uff0c\u4ea6\u53ef\u4ee5\u767e\u6570\u3002\u5176\u6b21\u6709\u8d24\u4eba\u8005\uff0c\u6cd5\u5219\u5929\u5730\uff0c\u8c61\u4f3c\u65e5\u6708\uff0c\u8fa9\u5217\u661f\u8fb0\uff0c\u9006\u4ece\u9634\u9633\uff0c\u5206\u522b\u56db\u65f6\uff0c\u5c06\u4ece\u4e0a\u53e4\u5408\u540c\u4e8e\u9053\uff0c\u4ea6\u53ef\u4f7f\u76ca\u5bff\u800c\u6709\u6781\u65f6\u3002",
            "blank_count": 10
        }
    },
    {
        "model": "neijing.neijingraw",
        "pk": 2,
        "fields": {
            "title": "\u300a\u7d20\u95ee\u00b7\u56db\u6c14\u8c03\u795e\u5927\u8bba\u7bc7\u7b2c\u4e8c\u300b",
            "raw": "\u6625\u4e09\u6708\uff0c\u6b64\u8c13\u53d1\u9648\uff0c\u5929\u5730\u4ff1\u751f\uff0c\u4e07\u7269\u4ee5\u8363\uff0c\u591c\u5367\u65e9\u8d77\uff0c\u5e7f\u6b65\u4e8e\u5ead\uff0c\u88ab\u53d1\u7f13\u5f62\uff0c\u4ee5\u4f7f\u5fd7\u751f\uff0c\u751f\u800c\u52ff\u6740\uff0c\u4e88\u800c\u52ff\u593a\uff0c\u8d4f\u800c\u52ff\u7f5a\uff0c\u6b64\u6625\u6c14\u4e4b\u5e94\uff0c\u517b\u751f\u4e4b\u9053\u4e5f\u3002\u9006\u4e4b\u5219\u4f24\u809d\uff0c\u590f\u4e3a\u5bd2\u53d8\uff0c\u5949\u957f\u8005\u5c11\u3002\r\n\u590f\u4e09\u6708\uff0c\u6b64\u8c13\u8543\u79c0\uff0c\u5929\u5730\u6c14\u4ea4\uff0c\u4e07\u7269\u534e\u5b9e\uff0c\u591c\u5367\u65e9\u8d77\uff0c\u65e0\u538c\u4e8e\u65e5\uff0c\u4f7f\u5fd7\u65e0\u6012\uff0c\u4f7f\u534e\u82f1\u6210\u79c0\uff0c\u4f7f\u6c14\u5f97\u6cc4\uff0c\u82e5\u6240\u7231\u5728\u5916\uff0c\u6b64\u590f\u6c14\u4e4b\u5e94\uff0c\u517b\u957f\u4e4b\u9053\u4e5f\u3002\u9006\u4e4b\u5219\u4f24\u5fc3\uff0c\u79cb\u4e3a\u9602\u759f\uff0c\u5949\u6536\u8005\u5c11\uff0c\u51ac\u81f3\u91cd\u75c5\u3002\r\n\u79cb\u4e09\u6708\uff0c\u6b64\u8c13\u5bb9\u5e73\uff0c\u5929\u6c14\u4ee5\u6025\uff0c\u5730\u6c14\u4ee5\u660e\uff0c\u65e9\u5367\u65e9\u8d77\uff0c\u4e0e\u9e21\u4ff1\u5174\uff0c\u4f7f\u5fd7\u5b89\u5b81\uff0c\u4ee5\u7f13\u79cb\u5211\uff0c\u6536\u655b\u795e\u6c14\uff0c\u4f7f\u79cb\u6c14\u5e73\uff0c\u65e0\u5916\u5176\u5fd7\uff0c\u4f7f\u80ba\u6c14\u6e05\uff0c\u6b64\u79cb\u6c14\u4e4b\u5e94\uff0c\u517b\u6536\u4e4b\u9053\u4e5f\u3002\u9006\u4e4b\u5219\u4f24\u80ba\uff0c\u51ac\u4e3a\u98e7\u6cc4\uff0c\u5949\u85cf\u8005\u5c11\u3002\r\n\u51ac\u4e09\u6708\uff0c\u6b64\u8c13\u95ed\u85cf\uff0c\u6c34\u51b0\u5730\u577c\uff0c\u65e0\u6270\u4e4e\u9633\uff0c\u65e9\u5367\u665a\u8d77\uff0c\u5fc5\u5f85\u65e5\u5149\uff0c\u4f7f\u5fd7\u82e5\u4f0f\u82e5\u533f\uff0c\u82e5\u6709\u79c1\u610f\uff0c\u82e5\u5df2\u6709\u5f97\uff0c\u53bb\u5bd2\u5c31\u6e29\uff0c\u65e0\u6cc4\u76ae\u80a4\uff0c\u4f7f\u6c14\u4e9f\u593a\uff0c\u6b64\u51ac\u6c14\u4e4b\u5e94\uff0c\u517b\u85cf\u4e4b\u9053\u4e5f\u3002\u9006\u4e4b\u5219\u4f24\u80be\uff0c\u6625\u4e3a\u75ff\u53a5\uff0c\u5949\u751f\u8005\u5c11\u3002\r\n\u5929\u6c14\u6e05\u51c0\uff0c\u5149\u660e\u8005\u4e5f\u3002\u85cf\u5fb7\u4e0d\u6b62\uff0c\u6545\u4e0d\u4e0b\u4e5f\u3002\u5929\u660e\u5219\u65e5\u6708\u4e0d\u660e\uff0c\u90aa\u5bb3\u7a7a\u7a8d\uff0c\u9633\u6c14\u8005\u95ed\u585e\uff0c\u5730\u6c14\u8005\u5192\u660e\uff0c\u4e91\u96fe\u4e0d\u7cbe\uff0c\u5219\u4e0a\u5e94\u767d\u9732\u4e0d\u4e0b\uff0c\u4ea4\u901a\u4e0d\u8868\uff0c\u4e07\u7269\u547d\u6545\u4e0d\u65bd\uff0c\u4e0d\u65bd\u5219\u540d\u6728\u591a\u6b7b\u3002\u6076\u6c14\u4e0d\u53d1\uff0c\u98ce\u96e8\u4e0d\u8282\uff0c\u767d\u9732\u4e0d\u4e0b\uff0c\u5219\u83c0\u69c1\u4e0d\u8363\u3002\u8d3c\u98ce\u6570\u81f3\uff0c\u66b4\u96e8\u6570\u8d77\uff0c\u5929\u5730\u56db\u65f6\u4e0d\u76f8\u4fdd\uff0c\u4e0e\u9053\u76f8\u5931\uff0c\u5219\u672a\u592e\u7edd\u706d\u3002\u552f\u5723\u4eba\u4ece\u4e4b\uff0c\u6545\u8eab\u65e0\u5947\u75c5\uff0c\u4e07\u7269\u4e0d\u5931\uff0c\u751f\u6c14\u4e0d\u7aed\u3002\r\n\u9006\u6625\u6c14\uff0c\u5219\u5c11\u9633\u4e0d\u751f\uff0c\u809d\u6c14\u5185\u53d8\uff1b\u9006\u590f\u6c14\uff0c\u5219\u592a\u9633\u4e0d\u957f\uff0c\u5fc3\u6c14\u5185\u6d1e\uff1b\u9006\u79cb\u6c14\uff0c\u5219\u592a\u9634\u4e0d\u6536\uff0c\u80ba\u6c14\u7126\u6ee1\uff1b\u9006\u51ac\u6c14\uff0c\u5219\u5c11\u9634\u4e0d\u85cf\uff0c\u80be\u6c14\u72ec\u6c89\u3002\u592b\u56db\u65f6\u9634\u9633\u8005\uff0c\u4e07\u7269\u4e4b\u6839\u672c\u4e5f\u3002\u6240\u4ee5\u5723\u4eba\u6625\u590f\u517b\u9633\uff0c\u79cb\u51ac\u517b\u9634\uff0c\u4ee5\u4ece\u5176\u6839\uff0c\u6545\u4e0e\u4e07\u7269\u6c89\u6d6e\u4e8e\u751f\u957f\u4e4b\u95e8\u3002\r\n\u9006\u5176\u6839\uff0c\u5219\u4f10\u5176\u672c\uff0c\u574f\u5176\u771f\u77e3\u3002\u6545\u9634\u9633\u56db\u65f6\u8005\uff0c\u4e07\u7269\u4e4b\u7ec8\u59cb\u4e5f\uff0c\u6b7b\u751f\u4e4b\u672c\u4e5f\u3002\u9006\u4e4b\u5219\u707e\u5bb3\u751f\u3002\u4ece\u4e4b\u5219\u82db\u75be\u4e0d\u8d77\uff0c\u662f\u8c13\u5f97\u9053\u3002\r\n\u9053\u8005\uff0c\u5723\u4eba\u884c\u4e4b\uff0c\u611a\u8005\u4f69\u4e4b\u3002\u4ece\u9634\u9633\u5219\u751f\uff0c\u9006\u4e4b\u5219\u6b7b\uff1b\u4ece\u4e4b\u5219\u6cbb\uff0c\u9006\u4e4b\u5219\u4e71\u3002\u53cd\u987a\u4e3a\u9006\uff0c\u662f\u8c13\u5185\u683c\u3002\u662f\u6545\u5723\u4eba\u4e0d\u6cbb\u5df2\u75c5\uff0c\u6cbb\u672a\u75c5\uff0c\u4e0d\u6cbb\u5df2\u4e71\uff0c\u6cbb\u672a\u4e71\uff0c\u6b64\u4e4b\u8c13\u4e5f\u3002\r\n\u592b\u75c5\u5df2\u6210\u800c\u540e\u836f\u4e4b\uff0c\u4e71\u5df2\u6210\u800c\u540e\u6cbb\u4e4b\uff0c\u8b6c\u72b9\u6e34\u800c\u7a7f\u4e95\uff0c\u6597\u800c\u94f8\u9525\uff0c\u4e0d\u4ea6\u665a\u4e4e\uff1f",
            "blank_count": 10
        }
    },
    {
        "model": "neijing.neijingraw",
        "pk": 3,
        "fields": {
            "title": "\u300a\u7d20\u95ee\u00b7\u751f\u6c14\u901a\u5929\u8bba\u7bc7\u7b2c\u4e09\u300b",
            "raw": "\u9ec4\u5e1d\u66f0\uff1a\u592b\u81ea\u53e4\u901a\u5929\u8005\uff0c\u751f\u4e4b\u672c\uff0c\u672c\u4e8e\u9634\u9633\u3002\u5929\u5730\u4e4b\u95f4\uff0c\u516d\u5408\u4e4b\u5185\uff0c\u5176\u6c14\u4e5d\u5dde\u3001\u4e5d\u7a8d\u3001\u4e94\u85cf\u3001\u5341\u4e8c\u8282\uff0c\u7686\u901a\u4e4e\u5929\u6c14\u3002\u5176\u751f\u4e94\uff0c\u5176\u6c14\u4e09\uff0c\u6570\u72af\u6b64\u8005\uff0c\u5219\u90aa\u6c14\u4f24\u4eba\uff0c\u6b64\u5bff\u547d\u4e4b\u672c\u4e5f\u3002\r\n\u82cd\u5929\u4e4b\u6c14\uff0c\u6e05\u51c0\u5219\u5fd7\u610f\u6cbb\uff0c\u987a\u4e4b\u5219\u9633\u6c14\u56fa\uff0c\u867d\u6709\u8d3c\u90aa\u5f17\u80fd\u5bb3\u4e5f\uff0c\u6b64\u56e0\u65f6\u4e4b\u5e8f\u3002\u6545\u5723\u4eba\u4f20\u7cbe\u795e\uff0c\u670d\u5929\u6c14\uff0c\u800c\u901a\u795e\u660e\uff0c\u5931\u4e4b\u5219\u5185\u95ed\u4e5d\u7a8d\uff0c\u5916\u7a7a\u808c\u8089\uff0c\u536b\u6c14\u6563\u89e3\uff0c\u6b64\u8c13\u81ea\u4f24\uff0c\u6c14\u4e4b\u524a\u4e5f\u3002\r\n\u9633\u6c14\u8005\uff0c\u82e5\u5929\u4e0e\u65e5\uff0c\u5931\u5176\u6240\uff0c\u5219\u6298\u5bff\u800c\u4e0d\u5f70\u3002\u6545\u5929\u8fd0\u5f53\u4ee5\u65e5\u5149\u660e\uff0c\u662f\u6545\u9633\u56e0\u800c\u4e0a\u536b\u5916\u8005\u4e5f\u3002\r\n\u56e0\u4e8e\u5bd2\uff0c\u6b32\u5982\u8fd0\u67a2\uff0c\u8d77\u5c45\u5982\u60ca\uff0c\u795e\u6c14\u4e43\u6d6e\u3002\u56e0\u4e8e\u6691\uff0c\u6c57\uff0c\u70e6\u5219\u5598\u559d\uff0c\u9759\u5219\u591a\u8a00\uff0c\u4f53\u82e5\u64ad\u70ad\uff0c\u6c57\u51fa\u800c\u6563\u3002\r\n\u56e0\u4e8e\u6e7f\uff0c\u9996\u5982\u88f9\uff0c\u6e7f\u70ed\u4e0d\u6518\uff0c\u5927\u7b4b\u7624\u77ed\uff0c\u5c0f\u7b4b\u5f1b(\u5f1b\uff1a\u4e00\u539f\u4f5c\uff1a\u3002\u201c\u62d6\u201d\u3002\u4e0b\u540c)\u957f\uff0c\u7761\u77ed\u4e3a\u62d8\uff0c\u5f1b\u957f\u4e3a\u5c61\u3002\r\n\u56e0\u4e8e\u6c14\uff0c\u4e3a\u80bf\uff0c\u56db\u7ef4\u76f8\u4ee3\uff0c\u9633\u6c14\u4e43\u7aed\u3002\u9633\u6c14\u8005\uff0c\u70e6\u52b3\u5219\u5f20\uff0c\u7cbe\u7edd\uff0c\u8f9f\u79ef\u4e8e\u590f\uff0c\u4f7f\u4eba\u714e\u53a5\u3002\u76ee\u76f2\u4e0d\u53ef\u4ee5\u89c6\uff0c\u8033\u95ed\u4e0d\u53ef\u4ee5\u542c\uff0c\u6e83\u6e83\u4e4e\u82e5\u574f\u90fd\uff0c\u6cea\u6cea\u4e4e\u4e0d\u53ef\u6b62\u3002\r\n\u9633\u6c14\u8005\uff0c\u5927\u6012\u5219\u5f62\u6c14\u7edd\uff0c\u800c\u8840\u7adf\u4e8e\u4e0a\uff0c\u4f7f\u4eba\u8584\u53a5\u3002\u6709\u4f24\u4e8e\u7b4b\uff0c\u7eb5\uff0c\u5176\u82e5\u4e0d\u5bb9\u3002\u6c57\u51fa\u504f\u6cae\uff0c\u4f7f\u4eba\u504f\u67af\uff1b\u6c57\u51fa\u89c1\u6e7f\uff0c\u4e43\u751f\u75e4\u75d2\u3002\u9ad8\u6881\u4e4b\u53d8\uff0c\u8db3\u751f\u5927\u7594\uff0c\u53d7\u5982\u6301\u865a\u3002\u52b3\u6c57\u5f53\u98ce\uff0c\u5bd2\u8584\u4e3a\u88ab\uff0c\u90c1\u4e43\u75e4\u3002\r\n\u9633\u6c14\u8005\uff0c\u7cbe\u5219\u517b\u795e\uff0c\u67d4\u5219\u517b\u7b4b\u3002\u5f00\u9600\u4e0d\u5f97\uff0c\u5bd2\u6c14\u4ece\u4e4b\uff0c\u4e43\u751f\u5927\u697c\u3002\u9677\u8109\u4e3a\u75be\uff0c\u7559\u8fde\u8089\u80a1\u3002\u4fde\u6c14\u5316\u8584\uff0c\u4f20\u4e3a\u5584\u754f\uff0c\u53ca\u4e3a\u60ca\u9a87\u3002\u8425\u6c14\u4e0d\u4ece\uff0c\u9006\u4e8e\u8089\u7406\uff0c\u4e43\u751f\u75c8\u80bf\u3002\u9b44\u6c57\u672a\u5c3d\uff0c\u5f62\u5f31\u800c\u6c14\u70c1\uff0c\u7a74\u4fde\u4ee5\u95ed\uff0c\u53d1\u65b9\u98ce\u759f\u3002\r\n\u6545\u98ce\u8005\uff0c\u767e\u75c5\u4e4b\u59cb\u4e5f\uff0c\u6e05\u9759\u5219\u8089\u8160\u95ed\u62d2\uff0c\u867d\u6709\u5927\u98ce\u82db\u6bd2\uff0c\u5f17\u4e4b\u80fd\u5bb3\uff0c\u6b64\u56e0\u65f6\u4e4b\u5e8f\u4e5f\u3002\u6545\u75c5\u4e45\u5219\u4f20\u5316\uff0c\u4e0a\u4e0b\u4e0d\u5e76\uff0c\u826f\u533b\u5f17\u4e3a\u3002\u6545\u9633\u755c\u79ef\u75c5\u6b7b\uff0c\u800c\u9633\u6c14\u5f53\u9694\uff0c\u9694\u8005\u5f53\u6cfb\uff0c\u4e0d\u4e9f\u6b63\u6cbb\uff0c\u7c97\u4e43\u8d25\u4e4b\u3002\r\n\u6545\u9633\u6c14\u8005\uff0c\u4e00\u65e5\u800c\u4e3b\u5916\uff0c\u5e73\u65e6\u4eba\u6c14\u751f\uff0c\u65e5\u4e2d\u800c\u9633\u6c14\u9686\uff0c\u65e5\u897f\u800c\u9633\u6c14\u5df2\u865a\uff0c\u6c14\u95e8\u4e43\u95ed\u3002\u662f\u6545\u66ae\u800c\u6536\u62d2\uff0c\u65e0\u6270\u7b4b\u9aa8\uff0c\u65e0\u89c1\u96fe\u9732\u3002\u53cd\u6b64\u4e09\u65f6\uff0c\u5f62\u4e43\u56f0\u8584\u3002\r\n\u5c90\u4f2f\u66f0\uff1a\u9634\u8005\uff0c\u85cf\u7cbe\u800c\u8d77\u4e9f\u4e5f\uff1b\u9633\u8005\uff0c\u536b\u5916\u800c\u4e3a\u56fa\u4e5f\u3002\u9634\u4e0d\u80dc\u5176\u9633\uff0c\u5219\u8109\u6d41\u8584\u75be\uff0c\u5e76\u4e43\u72c2\u3002\u9633\u4e0d\u80dc\u5176\u9634\uff0c\u5219\u4e94\u85cf\u6c14\u4e89\uff0c\u4e5d\u7a8d\u4e0d\u901a\u3002\r\n\u662f\u4ee5\u5723\u4eba\u9648\u9634\u9633\uff0c\u7b4b\u8109\u548c\u540c\uff0c\u9aa8\u9ad3\u575a\u56fa\uff0c\u6c14\u8840\u7686\u4ece\u3002\u5982\u662f\u5219\u5185\u5916\u8c03\u548c\uff0c\u90aa\u4e0d\u80fd\u5bb3\uff0c\u8033\u76ee\u806a\u660e\uff0c\u6c14\u7acb\u5982\u6545\u3002\u98ce\u5ba2\u6deb\u6c14\uff0c\u7cbe\u4e43\u4ea1\uff0c\u90aa\u4f24\u809d\u4e5f\u3002\u56e0\u800c\u9971\u98df\uff0c\u7b4b\u8109\u6a2a\u89e3\uff0c\u80a0\u6fbc\u4e3a\u75d4\u3002\u56e0\u800c\u5927\u996e\uff0c\u5219\u6c14\u9006\u3002\u56e0\u800c\u5f3a\u529b\uff0c\u80be\u6c14\u4e43\u4f24\uff0c\u9ad8\u9aa8\u4e43\u574f\u3002\r\n\u51e1\u9634\u9633\u4e4b\u8981\uff0c\u9633\u5bc6\u4e43\u56fa\uff0c\u4e24\u8005\u4e0d\u548c\uff0c\u82e5\u6625\u65e0\u79cb\uff0c\u82e5\u51ac\u65e0\u590f\uff0c\u56e0\u800c\u548c\u4e4b\uff0c\u662f\u8c13\u5723\u5ea6\u3002\u6545\u9633\u5f3a\u4e0d\u80fd\u5bc6\uff0c\u9634\u6c14\u4e43\u7edd\uff0c\u9634\u5e73\u9633\u79d8\uff0c\u7cbe\u795e\u4e43\u6cbb\uff0c\u9634\u9633\u79bb\u51b3\uff0c\u7cbe\u6c14\u4e43\u7edd\u3002\r\n\u56e0\u4e8e\u9732\u98ce\uff0c\u4e43\u751f\u5bd2\u70ed\u3002\u662f\u4ee5\u6625\u4f24\u4e8e\u98ce\uff0c\u90aa\u6c14\u7559\u8fde\uff0c\u4e43\u4e3a\u6d1e\u6cc4\u3002\u590f\u4f24\u4e8e\u6691\uff0c\u79cb\u4e3a\u75ce\u759f\u3002\u79cb\u4f24\u5e72\u6e7f\uff0c\u4e0a\u9006\u800c\u54b3\uff0c\u53d1\u4e3a\u75ff\u53a5\u3002\u51ac\u4f24\u4e8e\u5bd2\uff0c\u6625\u5fc5\u6eab\u75c5\u3002\u56db\u65f6\u4e4b\u6c14\uff0c\u66f4\u4f24\u4e94\u85cf\u3002\r\n\u9634\u4e4b\u6240\u751f\uff0c\u672c\u5728\u4e94\u5473\uff0c\u9634\u4e4b\u4e94\u5b98\uff0c\u4f24\u5728\u4e94\u5473\u3002\u662f\u6545\u5473\u8fc7\u4e8e\u9178\uff0c\u809d\u6c14\u4ee5\u5f8b\uff0c\u813e\u6c14\u4e43\u7edd\u3002\u5473\u8fc7\u4e8e\u54b8\uff0c\u5927\u9aa8\u6c14\u52b3\uff0c\u77ed\u808c\uff0c\u5fc3\u6c14\u6291\u3002\u5473\u8fc7\u4e8e\u7518\uff0c\u5fc3\u6c14\u5598\u6ee1\uff0c\u8272\u9ed1\uff0c\u80be\u6c14\u4e0d\u8861\u3002\u5473\u8fc7\u4e8e\u666e\uff0c\u813e\u6c14\u4e0d\u5fb7\uff0c\u80c3\u6c14\u4e43\u539a\u3002\u5473\u8fc7\u4e8e\u8f9b\uff0c\u7b4b\u8109\u6cae\u5f1b\uff0c\u7cbe\u795e\u4e43\u592e\u3002\u662f\u6545\u8c28\u548c\u4e94\u5473\uff0c\u9aa8\u6b63\u7b4b\u67d4\uff0c\u6c14\u8840\u4ee5\u6d41\uff0c\u589e\u7406\u4ee5\u5bc6\uff0c\u5982\u662f\u5219\u9aa8\u6c14\u4ee5\u7cbe\uff0c\u8c28\u9053\u5982\u6cd5\uff0c\u957f\u6709\u5929\u547d\u3002",
            "blank_count": 15
        }
    },
    {
        "model": "neijing.neijingparagraph",
        "pk": 1,
        "fields": {
            "raw": 1,
            "content": "['\u6614\u5728\u9ec4\u5e1d\uff0c', '\u751f\u800c\u795e\u7075\uff0c', '\u5f31\u800c\u80fd\u8a00\uff0c', '\u5e7c\u800c\u5f87\u9f50\uff0c', '\u957f\u800c\u6566\u654f\uff0c', '\u6210\u800c\u767b\u5929\u3002']",
            "blank_index": "1"
        }
    },
    {
        "model": "neijing.neijingparagraph",
        "pk": 2,
        "fields": {
            "raw": 1,
            "content": "['\u4e43\u95ee\u4e8e\u5929\u5e08\u66f0\uff1a', '\u4f59\u95fb\u4e0a\u53e4\u4e4b\u4eba\uff0c', '\u6625\u79cb\u7686\u5ea6\u767e\u5c81\uff0c', '\u800c\u52a8\u4f5c\u4e0d\u8870\u3002', '\u4eca\u65f6\u4e4b\u4eba\uff0c', '\u5e74\u534a\u767e\u800c\u52a8\u4f5c\u7686\u8870\u8005\uff0c', '\u65f6\u4e16\u5f02\u8036\uff1f', '\u4eba\u5c06\u5931\u4e4b\u8036\uff1f']",
            "blank_index": "3"
        }
    },
    {
        "model": "neijing.neijingparagraph",
        "pk": 3,
        "fields": {
            "raw": 1,
            "content": "['\u5c90\u4f2f\u5bf9\u66f0\uff1a', '\u4e0a\u53e4\u4e4b\u4eba\uff0c', '\u5176\u77e5\u9053\u8005\uff0c', '\u6cd5\u4e8e\u9634\u9633\uff0c', '\u548c\u4e8e\u672f\u6570\uff0c', '\u98df\u996e\u6709\u8282\uff0c', '\u8d77\u5c45\u6709\u5e38\uff0c', '\u4e0d\u5984\u4f5c\u52b3\uff0c', '\u6545\u80fd\u5f62\u4e0e\u795e\u4ff1\uff0c', '\u800c\u5c3d\u7ec8\u5176\u5929\u5e74\uff0c', '\u5ea6\u767e\u5c81\u4e43\u53bb\uff1b', '\u4eca\u65f6\u4e4b\u4eba\u4e0d\u7136\u4e5f\uff0c', '\u4ee5\u9152\u4e3a\u6d46\uff0c', '\u4ee5\u5984\u4e3a\u5e38\uff0c', '\u9189\u4ee5\u5165\u623f\uff0c', '\u4ee5\u6b32\u7aed\u5176\u7cbe\uff0c', '\u4ee5\u8017\u6563\u5176\u771f\uff0c', '\u4e0d\u77e5\u6301\u6ee1\uff0c', '\u4e0d\u65f6\u5fa1\u795e\uff0c', '\u52a1\u5feb\u5176\u5fc3\uff0c', '\u9006\u4e8e\u751f\u4e50\uff0c', '\u8d77\u5c45\u65e0\u5e38\uff0c', '\u6545\u534a\u767e\u800c\u8870\u4e5f\u3002']",
            "blank_index": "8,11"
        }
    },
    {
        "model": "neijing.neijingparagraph",
        "pk": 4,
        "fields": {
            "raw": 1,
            "content": "['\u592b\u4e0a\u53e4\u5723\u4eba\u4e4b\u6559\u4e0b\u4e5f\uff0c', '\u7686\u8c13\u4e4b\u865a\u90aa\u8d3c\u98ce\uff0c', '\u907f\u4e4b\u6709\u65f6\uff0c', '\u606c\u61ba\u865a\u65e0\uff0c', '\u771f\u6c14\u4ece\u4e4b\uff0c', '\u7cbe\u795e\u5185\u5b88\uff0c', '\u75c5\u5b89\u4ece\u6765\u3002', '\u662f\u4ee5\u5fd7\u95f2\u800c\u5c11\u6b32\uff0c', '\u5fc3\u5b89\u800c\u4e0d\u60e7\uff0c', '\u5f62\u52b3\u800c\u4e0d\u5026\uff0c', '\u6c14\u4ece\u4ee5\u987a\uff0c', '\u5404\u4ece\u5176\u6b32\uff0c', '\u7686\u5f97\u6240\u613f\u3002', '\u6545\u7f8e\u5176\u98df\uff0c', '\u4efb\u5176\u670d\uff0c', '\u4e50\u5176\u4fd7\u3002', '\u9ad8\u4e0b\u4e0d\u76f8\u6155\uff0c', '\u5176\u6c11\u6545\u66f0\u6734\u3002', '\u662f\u4ee5\u55dc\u6b32\u4e0d\u80fd\u52b3\u5176\u76ee\uff0c', '\u6deb\u90aa\u4e0d\u80fd\u60d1\u5176\u5fc3\uff0c', '\u611a\u667a\u8d24\u4e0d\u8096\u4e0d\u60e7\u4e8e\u7269\uff0c', '\u6545\u5408\u4e8e\u9053\u3002', '\u6240\u4ee5\u80fd\u5e74\u7686\u5ea6\u767e\u5c81\u800c\u52a8\u4f5c\u4e0d\u8870\u8005\uff0c', '\u4ee5\u5176\u5fb7\u5168\u4e0d\u5371\u4e5f\u3002']",
            "blank_index": "2,20"
        }
    },
    {
        "model": "neijing.neijingparagraph",
        "pk": 5,
        "fields": {
            "raw": 1,
            "content": "['\u5e1d\u66f0\uff1a', '\u4eba\u5e74\u8001\u800c\u65e0\u5b50\u8005\uff0c', '\u6750\u529b\u5c3d\u90aa\uff1f', '\u5c06\u5929\u6570\u7136\u4e5f\uff1f']",
            "blank_index": "3,4,2"
        }
    },
    {
        "model": "neijing.neijingparagraph",
        "pk": 6,
        "fields": {
            "raw": 1,
            "content": "['\u5c90\u4f2f\u66f0\uff1a', '\u5973\u5b50\u4e03\u5c81\uff0c', '\u80be\u6c14\u76db\uff0c', '\u9f7f\u66f4\u53d1\u957f\u3002', '\u4e8c\u4e03\u800c\u5929\u7678\u81f3\uff0c', '\u4efb\u8109\u901a\uff0c', '\u592a\u51b2\u8109\u76db\uff0c', '\u6708\u4e8b\u4ee5\u65f6\u4e0b\uff0c', '\u6545\u6709\u5b50\u3002', '\u4e09\u4e03\uff0c', '\u80be\u6c14\u5e73\u5747\uff0c', '\u6545\u771f\u7259\u751f\u800c\u957f\u6781\u3002', '\u56db\u4e03\uff0c', '\u7b4b\u9aa8\u575a\uff0c', '\u53d1\u957f\u6781\uff0c', '\u8eab\u4f53\u76db\u58ee\u3002', '\u4e94\u4e03\uff0c', '\u9633\u660e\u8109\u8870\uff0c', '\u9762\u59cb\u7126\u3002', '\u53d1\u59cb\u5815\u3002', '\u516d\u4e03\uff0c', '\u4e09\u9633\u8109\u8870\u4e8e\u4e0a\uff0c', '\u9762\u7686\u7126\uff0c', '\u53d1\u59cb\u767d\u3002', '\u4e03\u4e03\uff0c', '\u4efb\u8109\u865a\uff0c', '\u592a\u51b2\u8109\u8870\u5c11\uff0c', '\u5929\u7678\u7aed\uff0c', '\u5730\u9053\u4e0d\u901a\uff0c', '\u6545\u5f62\u574f\u800c\u65e0\u5b50\u4e5f\u3002']",
            "blank_index": "5,27"
        }
    },
    {
        "model": "neijing.neijingparagraph",
        "pk": 7,
        "fields": {
            "raw": 1,
            "content": "['\u4e08\u592b\u516b\u5c81\uff0c', '\u80be\u6c14\u5b9e\uff0c', '\u53d1\u957f\u9f7f\u66f4\u3002', '\u4e8c\u516b\uff0c', '\u80be\u6c14\u76db\uff0c', '\u5929\u7678\u81f3\uff0c', '\u7cbe\u6c14\u6ea2\u6cfb\uff0c', '\u9634\u9633\u548c\uff0c', '\u6545\u80fd\u6709\u5b50\u3002', '\u4e09\u516b\uff0c', '\u80be\u6c14\u5e73\u5747\uff0c', '\u7b4b\u9aa8\u575a\u5f3a\uff0c', '\u6545\u771f\u7259\u751f\u800c\u957f\u6781\u3002', '\u56db\u516b\uff0c', '\u7b4b\u9aa8\u9686\u76db\uff0c', '\u808c\u8089\u6ee1\u58ee\u3002', '\u4e94\u516b\uff0c', '\u80be\u6c14\u8870\uff0c', '\u53d1\u5815\u9f7f\u69c1\u3002', '\u516d\u516b\uff0c', '\u9633\u6c14\u8870\u7aed\u4e8e\u4e0a\uff0c', '\u9762\u7126\uff0c', '\u53d1\u9b13\u9881\u767d\u3002', '\u4e03\u516b\uff0c', '\u809d\u6c14\u8870\uff0c', '\u7b4b\u4e0d\u80fd\u52a8\uff0c', '\u5929\u7678\u7aed\uff0c', '\u7cbe\u5c11\uff0c', '\u80be\u810f\u8870\uff0c', '\u5f62\u4f53\u7686\u6781\u3002', '\u516b\u516b\uff0c', '\u5219\u9f7f\u53d1\u53bb\u3002', '\u80be\u8005\u4e3b\u6c34\uff0c', '\u53d7\u4e94\u810f\u516d\u8151\u4e4b\u7cbe\u800c\u85cf\u4e4b\uff0c', '\u6545\u4e94\u810f\u76db\u4e43\u80fd\u6cfb\u3002', '\u4eca\u4e94\u810f\u7686\u8870\uff0c', '\u7b4b\u9aa8\u89e3\u5815\uff0c', '\u5929\u7678\u5c3d\u77e3\uff0c', '\u6545\u53d1\u9b13\u767d\uff0c', '\u8eab\u4f53\u91cd\uff0c', '\u884c\u6b65\u4e0d\u6b63\uff0c', '\u800c\u65e0\u5b50\u8033\u3002']",
            "blank_index": "21,34"
        }
    },
    {
        "model": "neijing.neijingparagraph",
        "pk": 8,
        "fields": {
            "raw": 1,
            "content": "['\u5e1d\u66f0\uff1a', '\u6709\u5176\u5e74\u5df2\u8001\u800c\u6709\u5b50\u8005\uff0c', '\u4f55\u4e5f\uff1f']",
            "blank_index": "2"
        }
    },
    {
        "model": "neijing.neijingparagraph",
        "pk": 9,
        "fields": {
            "raw": 1,
            "content": "['\u5c90\u4f2f\u66f0\uff1a', '\u6b64\u5176\u5929\u5bff\u8fc7\u5ea6\uff0c', '\u6c14\u8109\u5e38\u901a\uff0c', '\u800c\u80be\u6c14\u6709\u4f59\u4e5f\u3002', '\u6b64\u867d\u6709\u5b50\uff0c', '\u7537\u4e0d\u8fc7\u5c3d\u516b\u516b\uff0c', '\u5973\u4e0d\u8fc7\u5c3d\u4e03\u4e03\uff0c', '\u800c\u5929\u5730\u4e4b\u7cbe\u6c14\u7686\u7aed\u77e3\u3002']",
            "blank_index": "6"
        }
    },
    {
        "model": "neijing.neijingparagraph",
        "pk": 10,
        "fields": {
            "raw": 1,
            "content": "['\u5e1d\u66f0\uff1a', '\u592b\u9053\u8005\uff0c', '\u5e74\u7686\u767e\u6570\uff0c', '\u80fd\u6709\u5b50\u4e4e\uff1f']",
            "blank_index": "4"
        }
    },
    {
        "model": "neijing.neijingparagraph",
        "pk": 11,
        "fields": {
            "raw": 1,
            "content": "['\u5c90\u4f2f\u66f0\uff1a', '\u592b\u9053\u8005\uff0c', '\u80fd\u5374\u8001\u800c\u5168\u5f62\uff0c', '\u8eab\u5e74\u867d\u5bff\uff0c', '\u80fd\u751f\u5b50\u4e5f\u3002']",
            "blank_index": "3"
        }
    },
    {
        "model": "neijing.neijingparagraph",
        "pk": 12,
        "fields": {
            "raw": 1,
            "content": "['\u9ec4\u5e1d\u66f0\uff1a', '\u4f59\u95fb\u4e0a\u53e4\u6709\u771f\u4eba\u8005\uff0c', '\u63d0\u6308\u5929\u5730\uff0c', '\u628a\u63e1\u9634\u9633\uff0c', '\u547c\u5438\u7cbe\u6c14\uff0c', '\u72ec\u7acb\u5b88\u795e\uff0c', '\u808c\u8089\u82e5\u4e00\uff0c', '\u6545\u80fd\u5bff\u655d\u5929\u5730\uff0c', '\u65e0\u6709\u7ec8\u65f6\uff0c', '\u6b64\u5176\u9053\u751f\u3002', '\u4e2d\u53e4\u4e4b\u65f6\uff0c', '\u6709\u81f3\u4eba\u8005\uff0c', '\u6df3\u5fb7\u5168\u9053\uff0c', '\u548c\u4e8e\u9634\u9633\uff0c', '\u8c03\u4e8e\u56db\u65f6\uff0c', '\u53bb\u4e16\u79bb\u4fd7\uff0c', '\u79ef\u7cbe\u5168\u795e\uff0c', '\u6e38\u884c\u5929\u5730\u4e4b\u95f4\uff0c', '\u89c6\u542c\u516b\u8fbe\u4e4b\u5916\uff0c', '\u6b64\u76d6\u76ca\u5176\u5bff\u547d\u800c\u5f3a\u8005\u4e5f\u3002', '\u4ea6\u5f52\u4e8e\u771f\u4eba\u3002', '\u5176\u6b21\u6709\u5723\u4eba\u8005\uff0c', '\u5904\u5929\u5730\u4e4b\u548c\uff0c', '\u4ece\u516b\u98ce\u4e4b\u7406\uff0c', '\u9002\u55dc\u6b32\u4e8e\u4e16\u4fd7\u4e4b\u95f4\uff0c', '\u65e0\u605a\u55d4\u4e4b\u5fc3\uff0c', '\u884c\u4e0d\u6b32\u79bb\u4e8e\u4e16\uff0c', '\u88ab\u670d\u7ae0\uff0c', '\u4e3e\u4e0d\u6b32\u89c2\u4e8e\u4fd7\uff0c', '\u5916\u4e0d\u52b3\u5f62\u4e8e\u4e8b\uff0c', '\u5185\u65e0\u601d\u60f3\u4e4b\u60a3\uff0c', '\u4ee5\u606c\u6109\u4e3a\u52a1\uff0c', '\u4ee5\u81ea\u5f97\u4e3a\u529f\uff0c', '\u5f62\u4f53\u4e0d\u655d\uff0c', '\u7cbe\u795e\u4e0d\u6563\uff0c', '\u4ea6\u53ef\u4ee5\u767e\u6570\u3002', '\u5176\u6b21\u6709\u8d24\u4eba\u8005\uff0c', '\u6cd5\u5219\u5929\u5730\uff0c', '\u8c61\u4f3c\u65e5\u6708\uff0c', '\u8fa9\u5217\u661f\u8fb0\uff0c', '\u9006\u4ece\u9634\u9633\uff0c', '\u5206\u522b\u56db\u65f6\uff0c', '\u5c06\u4ece\u4e0a\u53e4\u5408\u540c\u4e8e\u9053\uff0c', '\u4ea6\u53ef\u4f7f\u76ca\u5bff\u800c\u6709\u6781\u65f6\u3002']",
            "blank_index": "17,27,42"
        }
    },
    {
        "model": "neijing.neijingparagraph",
        "pk": 13,
        "fields": {
            "raw": 2,
            "content": "['\u6625\u4e09\u6708\uff0c', '\u6b64\u8c13\u53d1\u9648\uff0c', '\u5929\u5730\u4ff1\u751f\uff0c', '\u4e07\u7269\u4ee5\u8363\uff0c', '\u591c\u5367\u65e9\u8d77\uff0c', '\u5e7f\u6b65\u4e8e\u5ead\uff0c', '\u88ab\u53d1\u7f13\u5f62\uff0c', '\u4ee5\u4f7f\u5fd7\u751f\uff0c', '\u751f\u800c\u52ff\u6740\uff0c', '\u4e88\u800c\u52ff\u593a\uff0c', '\u8d4f\u800c\u52ff\u7f5a\uff0c', '\u6b64\u6625\u6c14\u4e4b\u5e94\uff0c', '\u517b\u751f\u4e4b\u9053\u4e5f\u3002', '\u9006\u4e4b\u5219\u4f24\u809d\uff0c', '\u590f\u4e3a\u5bd2\u53d8\uff0c', '\u5949\u957f\u8005\u5c11\u3002']",
            "blank_index": "1,5"
        }
    },
    {
        "model": "neijing.neijingparagraph",
        "pk": 14,
        "fields": {
            "raw": 2,
            "content": "['\u590f\u4e09\u6708\uff0c', '\u6b64\u8c13\u8543\u79c0\uff0c', '\u5929\u5730\u6c14\u4ea4\uff0c', '\u4e07\u7269\u534e\u5b9e\uff0c', '\u591c\u5367\u65e9\u8d77\uff0c', '\u65e0\u538c\u4e8e\u65e5\uff0c', '\u4f7f\u5fd7\u65e0\u6012\uff0c', '\u4f7f\u534e\u82f1\u6210\u79c0\uff0c', '\u4f7f\u6c14\u5f97\u6cc4\uff0c', '\u82e5\u6240\u7231\u5728\u5916\uff0c', '\u6b64\u590f\u6c14\u4e4b\u5e94\uff0c', '\u517b\u957f\u4e4b\u9053\u4e5f\u3002', '\u9006\u4e4b\u5219\u4f24\u5fc3\uff0c', '\u79cb\u4e3a\u9602\u759f\uff0c', '\u5949\u6536\u8005\u5c11\uff0c', '\u51ac\u81f3\u91cd\u75c5\u3002']",
            "blank_index": "4,16"
        }
    },
    {
        "model": "neijing.neijingparagraph",
        "pk": 15,
        "fields": {
            "raw": 2,
            "content": "['\u79cb\u4e09\u6708\uff0c', '\u6b64\u8c13\u5bb9\u5e73\uff0c', '\u5929\u6c14\u4ee5\u6025\uff0c', '\u5730\u6c14\u4ee5\u660e\uff0c', '\u65e9\u5367\u65e9\u8d77\uff0c', '\u4e0e\u9e21\u4ff1\u5174\uff0c', '\u4f7f\u5fd7\u5b89\u5b81\uff0c', '\u4ee5\u7f13\u79cb\u5211\uff0c', '\u6536\u655b\u795e\u6c14\uff0c', '\u4f7f\u79cb\u6c14\u5e73\uff0c', '\u65e0\u5916\u5176\u5fd7\uff0c', '\u4f7f\u80ba\u6c14\u6e05\uff0c', '\u6b64\u79cb\u6c14\u4e4b\u5e94\uff0c', '\u517b\u6536\u4e4b\u9053\u4e5f\u3002', '\u9006\u4e4b\u5219\u4f24\u80ba\uff0c', '\u51ac\u4e3a\u98e7\u6cc4\uff0c', '\u5949\u85cf\u8005\u5c11\u3002']",
            "blank_index": "2,3,16"
        }
    },
    {
        "model": "neijing.neijingparagraph",
        "pk": 16,
        "fields": {
            "raw": 2,
            "content": "['\u51ac\u4e09\u6708\uff0c', '\u6b64\u8c13\u95ed\u85cf\uff0c', '\u6c34\u51b0\u5730\u577c\uff0c', '\u65e0\u6270\u4e4e\u9633\uff0c', '\u65e9\u5367\u665a\u8d77\uff0c', '\u5fc5\u5f85\u65e5\u5149\uff0c', '\u4f7f\u5fd7\u82e5\u4f0f\u82e5\u533f\uff0c', '\u82e5\u6709\u79c1\u610f\uff0c', '\u82e5\u5df2\u6709\u5f97\uff0c', '\u53bb\u5bd2\u5c31\u6e29\uff0c', '\u65e0\u6cc4\u76ae\u80a4\uff0c', '\u4f7f\u6c14\u4e9f\u593a\uff0c', '\u6b64\u51ac\u6c14\u4e4b\u5e94\uff0c', '\u517b\u85cf\u4e4b\u9053\u4e5f\u3002', '\u9006\u4e4b\u5219\u4f24\u80be\uff0c', '\u6625\u4e3a\u75ff\u53a5\uff0c', '\u5949\u751f\u8005\u5c11\u3002']",
            "blank_index": "3,17"
        }
    },
    {
        "model": "neijing.neijingparagraph",
        "pk": 17,
        "fields": {
            "raw": 2,
            "content": "['\u5929\u6c14\u6e05\u51c0\uff0c', '\u5149\u660e\u8005\u4e5f\u3002', '\u85cf\u5fb7\u4e0d\u6b62\uff0c', '\u6545\u4e0d\u4e0b\u4e5f\u3002', '\u5929\u660e\u5219\u65e5\u6708\u4e0d\u660e\uff0c', '\u90aa\u5bb3\u7a7a\u7a8d\uff0c', '\u9633\u6c14\u8005\u95ed\u585e\uff0c', '\u5730\u6c14\u8005\u5192\u660e\uff0c', '\u4e91\u96fe\u4e0d\u7cbe\uff0c', '\u5219\u4e0a\u5e94\u767d\u9732\u4e0d\u4e0b\uff0c', '\u4ea4\u901a\u4e0d\u8868\uff0c', '\u4e07\u7269\u547d\u6545\u4e0d\u65bd\uff0c', '\u4e0d\u65bd\u5219\u540d\u6728\u591a\u6b7b\u3002', '\u6076\u6c14\u4e0d\u53d1\uff0c', '\u98ce\u96e8\u4e0d\u8282\uff0c', '\u767d\u9732\u4e0d\u4e0b\uff0c', '\u5219\u83c0\u69c1\u4e0d\u8363\u3002', '\u8d3c\u98ce\u6570\u81f3\uff0c', '\u66b4\u96e8\u6570\u8d77\uff0c', '\u5929\u5730\u56db\u65f6\u4e0d\u76f8\u4fdd\uff0c', '\u4e0e\u9053\u76f8\u5931\uff0c', '\u5219\u672a\u592e\u7edd\u706d\u3002', '\u552f\u5723\u4eba\u4ece\u4e4b\uff0c', '\u6545\u8eab\u65e0\u5947\u75c5\uff0c', '\u4e07\u7269\u4e0d\u5931\uff0c', '\u751f\u6c14\u4e0d\u7aed\u3002']",
            "blank_index": "3,26,14"
        }
    },
    {
        "model": "neijing.neijingparagraph",
        "pk": 18,
        "fields": {
            "raw": 2,
            "content": "['\u9006\u6625\u6c14\uff0c', '\u5219\u5c11\u9633\u4e0d\u751f\uff0c', '\u809d\u6c14\u5185\u53d8\uff1b', '\u9006\u590f\u6c14\uff0c', '\u5219\u592a\u9633\u4e0d\u957f\uff0c', '\u5fc3\u6c14\u5185\u6d1e\uff1b', '\u9006\u79cb\u6c14\uff0c', '\u5219\u592a\u9634\u4e0d\u6536\uff0c', '\u80ba\u6c14\u7126\u6ee1\uff1b', '\u9006\u51ac\u6c14\uff0c', '\u5219\u5c11\u9634\u4e0d\u85cf\uff0c', '\u80be\u6c14\u72ec\u6c89\u3002', '\u592b\u56db\u65f6\u9634\u9633\u8005\uff0c', '\u4e07\u7269\u4e4b\u6839\u672c\u4e5f\u3002', '\u6240\u4ee5\u5723\u4eba\u6625\u590f\u517b\u9633\uff0c', '\u79cb\u51ac\u517b\u9634\uff0c', '\u4ee5\u4ece\u5176\u6839\uff0c', '\u6545\u4e0e\u4e07\u7269\u6c89\u6d6e\u4e8e\u751f\u957f\u4e4b\u95e8\u3002']",
            "blank_index": "2,15,8"
        }
    },
    {
        "model": "neijing.neijingparagraph",
        "pk": 19,
        "fields": {
            "raw": 2,
            "content": "['\u9006\u5176\u6839\uff0c', '\u5219\u4f10\u5176\u672c\uff0c', '\u574f\u5176\u771f\u77e3\u3002', '\u6545\u9634\u9633\u56db\u65f6\u8005\uff0c', '\u4e07\u7269\u4e4b\u7ec8\u59cb\u4e5f\uff0c', '\u6b7b\u751f\u4e4b\u672c\u4e5f\u3002', '\u9006\u4e4b\u5219\u707e\u5bb3\u751f\u3002', '\u4ece\u4e4b\u5219\u82db\u75be\u4e0d\u8d77\uff0c', '\u662f\u8c13\u5f97\u9053\u3002']",
            "blank_index": "2,5"
        }
    },
    {
        "model": "neijing.neijingparagraph",
        "pk": 20,
        "fields": {
            "raw": 2,
            "content": "['\u9053\u8005\uff0c', '\u5723\u4eba\u884c\u4e4b\uff0c', '\u611a\u8005\u4f69\u4e4b\u3002', '\u4ece\u9634\u9633\u5219\u751f\uff0c', '\u9006\u4e4b\u5219\u6b7b\uff1b', '\u4ece\u4e4b\u5219\u6cbb\uff0c', '\u9006\u4e4b\u5219\u4e71\u3002', '\u53cd\u987a\u4e3a\u9006\uff0c', '\u662f\u8c13\u5185\u683c\u3002', '\u662f\u6545\u5723\u4eba\u4e0d\u6cbb\u5df2\u75c5\uff0c', '\u6cbb\u672a\u75c5\uff0c', '\u4e0d\u6cbb\u5df2\u4e71\uff0c', '\u6cbb\u672a\u4e71\uff0c', '\u6b64\u4e4b\u8c13\u4e5f\u3002']",
            "blank_index": "3,7"
        }
    },
    {
        "model": "neijing.neijingparagraph",
        "pk": 21,
        "fields": {
            "raw": 2,
            "content": "['\u592b\u75c5\u5df2\u6210\u800c\u540e\u836f\u4e4b\uff0c', '\u4e71\u5df2\u6210\u800c\u540e\u6cbb\u4e4b\uff0c', '\u8b6c\u72b9\u6e34\u800c\u7a7f\u4e95\uff0c', '\u6597\u800c\u94f8\u9525\uff0c', '\u4e0d\u4ea6\u665a\u4e4e\uff1f']",
            "blank_index": "1,5"
        }
    },
    {
        "model": "neijing.neijingparagraph",
        "pk": 22,
        "fields": {
            "raw": 3,
            "content": "['\u9ec4\u5e1d\u66f0\uff1a', '\u592b\u81ea\u53e4\u901a\u5929\u8005\uff0c', '\u751f\u4e4b\u672c\uff0c', '\u672c\u4e8e\u9634\u9633\u3002', '\u5929\u5730\u4e4b\u95f4\uff0c', '\u516d\u5408\u4e4b\u5185\uff0c', '\u5176\u6c14\u4e5d\u5dde\u3001', '\u4e5d\u7a8d\u3001', '\u4e94\u85cf\u3001', '\u5341\u4e8c\u8282\uff0c', '\u7686\u901a\u4e4e\u5929\u6c14\u3002', '\u5176\u751f\u4e94\uff0c', '\u5176\u6c14\u4e09\uff0c', '\u6570\u72af\u6b64\u8005\uff0c', '\u5219\u90aa\u6c14\u4f24\u4eba\uff0c', '\u6b64\u5bff\u547d\u4e4b\u672c\u4e5f\u3002']",
            "blank_index": ""
        }
    },
    {
        "model": "neijing.neijingparagraph",
        "pk": 23,
        "fields": {
            "raw": 3,
            "content": "['\u82cd\u5929\u4e4b\u6c14\uff0c', '\u6e05\u51c0\u5219\u5fd7\u610f\u6cbb\uff0c', '\u987a\u4e4b\u5219\u9633\u6c14\u56fa\uff0c', '\u867d\u6709\u8d3c\u90aa\u5f17\u80fd\u5bb3\u4e5f\uff0c', '\u6b64\u56e0\u65f6\u4e4b\u5e8f\u3002', '\u6545\u5723\u4eba\u4f20\u7cbe\u795e\uff0c', '\u670d\u5929\u6c14\uff0c', '\u800c\u901a\u795e\u660e\uff0c', '\u5931\u4e4b\u5219\u5185\u95ed\u4e5d\u7a8d\uff0c', '\u5916\u7a7a\u808c\u8089\uff0c', '\u536b\u6c14\u6563\u89e3\uff0c', '\u6b64\u8c13\u81ea\u4f24\uff0c', '\u6c14\u4e4b\u524a\u4e5f\u3002']",
            "blank_index": "2,4"
        }
    },
    {
        "model": "neijing.neijingparagraph",
        "pk": 24,
        "fields": {
            "raw": 3,
            "content": "['\u9633\u6c14\u8005\uff0c', '\u82e5\u5929\u4e0e\u65e5\uff0c', '\u5931\u5176\u6240\uff0c', '\u5219\u6298\u5bff\u800c\u4e0d\u5f70\u3002', '\u6545\u5929\u8fd0\u5f53\u4ee5\u65e5\u5149\u660e\uff0c', '\u662f\u6545\u9633\u56e0\u800c\u4e0a\u536b\u5916\u8005\u4e5f\u3002']",
            "blank_index": "5"
        }
    },
    {
        "model": "neijing.neijingparagraph",
        "pk": 25,
        "fields": {
            "raw": 3,
            "content": "['\u56e0\u4e8e\u5bd2\uff0c', '\u6b32\u5982\u8fd0\u67a2\uff0c', '\u8d77\u5c45\u5982\u60ca\uff0c', '\u795e\u6c14\u4e43\u6d6e\u3002', '\u56e0\u4e8e\u6691\uff0c', '\u6c57\uff0c', '\u70e6\u5219\u5598\u559d\uff0c', '\u9759\u5219\u591a\u8a00\uff0c', '\u4f53\u82e5\u64ad\u70ad\uff0c', '\u6c57\u51fa\u800c\u6563\u3002']",
            "blank_index": "4"
        }
    },
    {
        "model": "neijing.neijingparagraph",
        "pk": 26,
        "fields": {
            "raw": 3,
            "content": "['\u56e0\u4e8e\u6e7f\uff0c', '\u9996\u5982\u88f9\uff0c', '\u6e7f\u70ed\u4e0d\u6518\uff0c', '\u5927\u7b4b\u7624\u77ed\uff0c', '\u5c0f\u7b4b\u5f1b(\u5f1b\uff1a\u4e00\u539f\u4f5c\uff1a\u3002\u201c\u62d6\u201d\u3002\u4e0b\u540c)\u957f\uff0c', '\u7761\u77ed\u4e3a\u62d8\uff0c', '\u5f1b\u957f\u4e3a\u5c61\u3002']",
            "blank_index": "6"
        }
    },
    {
        "model": "neijing.neijingparagraph",
        "pk": 27,
        "fields": {
            "raw": 3,
            "content": "['\u56e0\u4e8e\u6c14\uff0c', '\u4e3a\u80bf\uff0c', '\u56db\u7ef4\u76f8\u4ee3\uff0c', '\u9633\u6c14\u4e43\u7aed\u3002', '\u9633\u6c14\u8005\uff0c', '\u70e6\u52b3\u5219\u5f20\uff0c', '\u7cbe\u7edd\uff0c', '\u8f9f\u79ef\u4e8e\u590f\uff0c', '\u4f7f\u4eba\u714e\u53a5\u3002', '\u76ee\u76f2\u4e0d\u53ef\u4ee5\u89c6\uff0c', '\u8033\u95ed\u4e0d\u53ef\u4ee5\u542c\uff0c', '\u6e83\u6e83\u4e4e\u82e5\u574f\u90fd\uff0c', '\u6cea\u6cea\u4e4e\u4e0d\u53ef\u6b62\u3002']",
            "blank_index": "4"
        }
    },
    {
        "model": "neijing.neijingparagraph",
        "pk": 28,
        "fields": {
            "raw": 3,
            "content": "['\u9633\u6c14\u8005\uff0c', '\u5927\u6012\u5219\u5f62\u6c14\u7edd\uff0c', '\u800c\u8840\u7adf\u4e8e\u4e0a\uff0c', '\u4f7f\u4eba\u8584\u53a5\u3002', '\u6709\u4f24\u4e8e\u7b4b\uff0c', '\u7eb5\uff0c', '\u5176\u82e5\u4e0d\u5bb9\u3002', '\u6c57\u51fa\u504f\u6cae\uff0c', '\u4f7f\u4eba\u504f\u67af\uff1b', '\u6c57\u51fa\u89c1\u6e7f\uff0c', '\u4e43\u751f\u75e4\u75d2\u3002', '\u9ad8\u6881\u4e4b\u53d8\uff0c', '\u8db3\u751f\u5927\u7594\uff0c', '\u53d7\u5982\u6301\u865a\u3002', '\u52b3\u6c57\u5f53\u98ce\uff0c', '\u5bd2\u8584\u4e3a\u88ab\uff0c', '\u90c1\u4e43\u75e4\u3002']",
            "blank_index": "2,17"
        }
    },
    {
        "model": "neijing.neijingparagraph",
        "pk": 29,
        "fields": {
            "raw": 3,
            "content": "['\u9633\u6c14\u8005\uff0c', '\u7cbe\u5219\u517b\u795e\uff0c', '\u67d4\u5219\u517b\u7b4b\u3002', '\u5f00\u9600\u4e0d\u5f97\uff0c', '\u5bd2\u6c14\u4ece\u4e4b\uff0c', '\u4e43\u751f\u5927\u697c\u3002', '\u9677\u8109\u4e3a\u75be\uff0c', '\u7559\u8fde\u8089\u80a1\u3002', '\u4fde\u6c14\u5316\u8584\uff0c', '\u4f20\u4e3a\u5584\u754f\uff0c', '\u53ca\u4e3a\u60ca\u9a87\u3002', '\u8425\u6c14\u4e0d\u4ece\uff0c', '\u9006\u4e8e\u8089\u7406\uff0c', '\u4e43\u751f\u75c8\u80bf\u3002', '\u9b44\u6c57\u672a\u5c3d\uff0c', '\u5f62\u5f31\u800c\u6c14\u70c1\uff0c', '\u7a74\u4fde\u4ee5\u95ed\uff0c', '\u53d1\u65b9\u98ce\u759f\u3002']",
            "blank_index": "2,18"
        }
    },
    {
        "model": "neijing.neijingparagraph",
        "pk": 30,
        "fields": {
            "raw": 3,
            "content": "['\u6545\u98ce\u8005\uff0c', '\u767e\u75c5\u4e4b\u59cb\u4e5f\uff0c', '\u6e05\u9759\u5219\u8089\u8160\u95ed\u62d2\uff0c', '\u867d\u6709\u5927\u98ce\u82db\u6bd2\uff0c', '\u5f17\u4e4b\u80fd\u5bb3\uff0c', '\u6b64\u56e0\u65f6\u4e4b\u5e8f\u4e5f\u3002', '\u6545\u75c5\u4e45\u5219\u4f20\u5316\uff0c', '\u4e0a\u4e0b\u4e0d\u5e76\uff0c', '\u826f\u533b\u5f17\u4e3a\u3002', '\u6545\u9633\u755c\u79ef\u75c5\u6b7b\uff0c', '\u800c\u9633\u6c14\u5f53\u9694\uff0c', '\u9694\u8005\u5f53\u6cfb\uff0c', '\u4e0d\u4e9f\u6b63\u6cbb\uff0c', '\u7c97\u4e43\u8d25\u4e4b\u3002']",
            "blank_index": "2,4"
        }
    },
    {
        "model": "neijing.neijingparagraph",
        "pk": 31,
        "fields": {
            "raw": 3,
            "content": "['\u6545\u9633\u6c14\u8005\uff0c', '\u4e00\u65e5\u800c\u4e3b\u5916\uff0c', '\u5e73\u65e6\u4eba\u6c14\u751f\uff0c', '\u65e5\u4e2d\u800c\u9633\u6c14\u9686\uff0c', '\u65e5\u897f\u800c\u9633\u6c14\u5df2\u865a\uff0c', '\u6c14\u95e8\u4e43\u95ed\u3002', '\u662f\u6545\u66ae\u800c\u6536\u62d2\uff0c', '\u65e0\u6270\u7b4b\u9aa8\uff0c', '\u65e0\u89c1\u96fe\u9732\u3002', '\u53cd\u6b64\u4e09\u65f6\uff0c', '\u5f62\u4e43\u56f0\u8584\u3002']",
            "blank_index": "4,7"
        }
    },
    {
        "model": "neijing.neijingparagraph",
        "pk": 32,
        "fields": {
            "raw": 3,
            "content": "['\u5c90\u4f2f\u66f0\uff1a', '\u9634\u8005\uff0c', '\u85cf\u7cbe\u800c\u8d77\u4e9f\u4e5f\uff1b', '\u9633\u8005\uff0c', '\u536b\u5916\u800c\u4e3a\u56fa\u4e5f\u3002', '\u9634\u4e0d\u80dc\u5176\u9633\uff0c', '\u5219\u8109\u6d41\u8584\u75be\uff0c', '\u5e76\u4e43\u72c2\u3002', '\u9633\u4e0d\u80dc\u5176\u9634\uff0c', '\u5219\u4e94\u85cf\u6c14\u4e89\uff0c', '\u4e5d\u7a8d\u4e0d\u901a\u3002']",
            "blank_index": "3,9"
        }
    },
    {
        "model": "neijing.neijingparagraph",
        "pk": 33,
        "fields": {
            "raw": 3,
            "content": "['\u662f\u4ee5\u5723\u4eba\u9648\u9634\u9633\uff0c', '\u7b4b\u8109\u548c\u540c\uff0c', '\u9aa8\u9ad3\u575a\u56fa\uff0c', '\u6c14\u8840\u7686\u4ece\u3002', '\u5982\u662f\u5219\u5185\u5916\u8c03\u548c\uff0c', '\u90aa\u4e0d\u80fd\u5bb3\uff0c', '\u8033\u76ee\u806a\u660e\uff0c', '\u6c14\u7acb\u5982\u6545\u3002', '\u98ce\u5ba2\u6deb\u6c14\uff0c', '\u7cbe\u4e43\u4ea1\uff0c', '\u90aa\u4f24\u809d\u4e5f\u3002', '\u56e0\u800c\u9971\u98df\uff0c', '\u7b4b\u8109\u6a2a\u89e3\uff0c', '\u80a0\u6fbc\u4e3a\u75d4\u3002', '\u56e0\u800c\u5927\u996e\uff0c', '\u5219\u6c14\u9006\u3002', '\u56e0\u800c\u5f3a\u529b\uff0c', '\u80be\u6c14\u4e43\u4f24\uff0c', '\u9ad8\u9aa8\u4e43\u574f\u3002']",
            "blank_index": "2,18"
        }
    },
    {
        "model": "neijing.neijingparagraph",
        "pk": 34,
        "fields": {
            "raw": 3,
            "content": "['\u51e1\u9634\u9633\u4e4b\u8981\uff0c', '\u9633\u5bc6\u4e43\u56fa\uff0c', '\u4e24\u8005\u4e0d\u548c\uff0c', '\u82e5\u6625\u65e0\u79cb\uff0c', '\u82e5\u51ac\u65e0\u590f\uff0c', '\u56e0\u800c\u548c\u4e4b\uff0c', '\u662f\u8c13\u5723\u5ea6\u3002', '\u6545\u9633\u5f3a\u4e0d\u80fd\u5bc6\uff0c', '\u9634\u6c14\u4e43\u7edd\uff0c', '\u9634\u5e73\u9633\u79d8\uff0c', '\u7cbe\u795e\u4e43\u6cbb\uff0c', '\u9634\u9633\u79bb\u51b3\uff0c', '\u7cbe\u6c14\u4e43\u7edd\u3002']",
            "blank_index": "2,5,8"
        }
    },
    {
        "model": "neijing.neijingparagraph",
        "pk": 35,
        "fields": {
            "raw": 3,
            "content": "['\u56e0\u4e8e\u9732\u98ce\uff0c', '\u4e43\u751f\u5bd2\u70ed\u3002', '\u662f\u4ee5\u6625\u4f24\u4e8e\u98ce\uff0c', '\u90aa\u6c14\u7559\u8fde\uff0c', '\u4e43\u4e3a\u6d1e\u6cc4\u3002', '\u590f\u4f24\u4e8e\u6691\uff0c', '\u79cb\u4e3a\u75ce\u759f\u3002', '\u79cb\u4f24\u5e72\u6e7f\uff0c', '\u4e0a\u9006\u800c\u54b3\uff0c', '\u53d1\u4e3a\u75ff\u53a5\u3002', '\u51ac\u4f24\u4e8e\u5bd2\uff0c', '\u6625\u5fc5\u6eab\u75c5\u3002', '\u56db\u65f6\u4e4b\u6c14\uff0c', '\u66f4\u4f24\u4e94\u85cf\u3002']",
            "blank_index": "2,6"
        }
    },
    {
        "model": "neijing.neijingparagraph",
        "pk": 36,
        "fields": {
            "raw": 3,
            "content": "['\u9634\u4e4b\u6240\u751f\uff0c', '\u672c\u5728\u4e94\u5473\uff0c', '\u9634\u4e4b\u4e94\u5b98\uff0c', '\u4f24\u5728\u4e94\u5473\u3002', '\u662f\u6545\u5473\u8fc7\u4e8e\u9178\uff0c', '\u809d\u6c14\u4ee5\u5f8b\uff0c', '\u813e\u6c14\u4e43\u7edd\u3002', '\u5473\u8fc7\u4e8e\u54b8\uff0c', '\u5927\u9aa8\u6c14\u52b3\uff0c', '\u77ed\u808c\uff0c', '\u5fc3\u6c14\u6291\u3002', '\u5473\u8fc7\u4e8e\u7518\uff0c', '\u5fc3\u6c14\u5598\u6ee1\uff0c', '\u8272\u9ed1\uff0c', '\u80be\u6c14\u4e0d\u8861\u3002', '\u5473\u8fc7\u4e8e\u666e\uff0c', '\u813e\u6c14\u4e0d\u5fb7\uff0c', '\u80c3\u6c14\u4e43\u539a\u3002', '\u5473\u8fc7\u4e8e\u8f9b\uff0c', '\u7b4b\u8109\u6cae\u5f1b\uff0c', '\u7cbe\u795e\u4e43\u592e\u3002', '\u662f\u6545\u8c28\u548c\u4e94\u5473\uff0c', '\u9aa8\u6b63\u7b4b\u67d4\uff0c', '\u6c14\u8840\u4ee5\u6d41\uff0c', '\u589e\u7406\u4ee5\u5bc6\uff0c', '\u5982\u662f\u5219\u9aa8\u6c14\u4ee5\u7cbe\uff0c', '\u8c28\u9053\u5982\u6cd5\uff0c', '\u957f\u6709\u5929\u547d\u3002']",
            "blank_index": "2,8,18,24"
        }
    },
    {
        "model": "auth.user",
        "pk": 1,
        "fields": {
            "password": "pbkdf2_sha256$120000$7zIDPOgeBK5m$QuzBhXsT10eoVhSuwgsvQRQ6jNn2kJcQn7ahUOwyI68=",
            "last_login": "2019-03-03T21:42:53.941",
            "is_superuser": true,
            "username": "zzde",
            "first_name": "",
            "last_name": "",
            "email": "1@qq.cc",
            "is_staff": true,
            "is_active": true,
            "date_joined": "2018-09-25T17:12:48.339",
            "groups": [],
            "user_permissions": []
        }
    }
]